prev.rhizo,prev.lirio,n.host,n.rhizo.total,n.rhizo.double,n.pelto.lirio,no.uninfected,rhizo.family,rhizo.genus,rhizo.sp,host.infraorder,host.superfamily,host.family,host.gen,host.sp,site.name,month,year,year.range,lat,long,state/province,country,continent,env.var1,env.var2,ref.type,notes,reference
12.6,27,87,11,NA,3,76,Peltogastridae,Peltogaster,paguri,Anomura,Paguroidea,Paguridae,Pagurus,hirsutiusculus,Auke Bay,10,1996,NA,58.36667,-134.6667,Alaska,USA,North_America,sheltered cove,,ecology,,"Warrenchuk, J. J., T. S. Crustaceana. 2000. PARASITISM BY THE RHIZOCEPHALAN PELTOGASTER PAGURI RATHKE, 1842 AND HYPERPARASITISM BY THE BOPYRID ISOPOD LIRIOPSIS PYGMAEA (RATHKE). 73:971–977."
13.4,45,82,11,NA,5,71,Peltogastridae,Peltogaster,paguri,Anomura,Paguroidea,Paguridae,Pagurus,hirsutiusculus,Auke Bay,11,1996,NA,58.36667,-134.6667,Alaska,USA,North_America,exposed,,ecology,,"Warrenchuk, J. J., T. S. Crustaceana. 2000. PARASITISM BY THE RHIZOCEPHALAN PELTOGASTER PAGURI RATHKE, 1842 AND HYPERPARASITISM BY THE BOPYRID ISOPOD LIRIOPSIS PYGMAEA (RATHKE). 73:971–977."
NA,NA,NA,NA,2,2,NA,Peltogastridae,Peltogaster,paguri,Anomura,Paguroidea,Paguridae,Pagurus,hirsutiusculus,Auke Bay,"10,11",1996,NA,58.36667,-134.6667,Alaska,USA,North_America,NA,,ecology,"did not report what group double infections were in, just that two were found in this study and both had liriopsis","Warrenchuk, J. J., T. S. Crustaceana. 2000. PARASITISM BY THE RHIZOCEPHALAN PELTOGASTER PAGURI RATHKE, 1842 AND HYPERPARASITISM BY THE BOPYRID ISOPOD LIRIOPSIS PYGMAEA (RATHKE). 73:971–977."
0,NA,72,0,NA,0,0,Peltogastridae,Peltogaster,paguri,Anomura,Paguroidea,Paguridae,Pagarus,acadianus,Frenchman Bay,na,1939,NA,44.432688,-68.290556,Maine,USA,North_America,inner bay,hard bottom,ecology,,"Reinhard, E. G. 1939. Rediscovery of the Rhizocephalan Peltogaster paguri on the north american coast. Science 89:80–81."
NA,NA,NA,24,NA,NA,NA,Peltogastridae,Peltogaster,paguri,Anomura,Paguroidea,Paguridae,Pagurus,bernhardus,Starcross,na,1884,NA,50.627306,-3.447022,Devon,UK,Europe,NA,NA,taxonomy,,"London, H. B. J. O. T. L. S. O., 1933. (n.d.). The Rhizocephala in the collection of the British Museum. Limnology and Oceanography."
NA,NA,NA,2,NA,NA,NA,Peltogastridae,Peltogaster,paguri,Anomura,Paguroidea,Paguridae,Pagurus,bernhardus,Off Sunderland,na,1863,NA,54.908841,-1.351054,Sunderland,UK,Europe,NA,NA,taxonomy,,"London, H. B. J. O. T. L. S. O., 1933. (n.d.). The Rhizocephala in the collection of the British Museum. Limnology and Oceanography."
NA,NA,NA,1,NA,NA,NA,Peltogastridae,Peltogaster,paguri,Anomura,Paguroidea,Paguridae,Pagurus,bernhardus,Firth of Forth,na,1861,NA,56.01569,-3.357225,Firth of Forth,UK,Europe,NA,NA,taxonomy,,"London, H. B. J. O. T. L. S. O., 1933. (n.d.). The Rhizocephala in the collection of the British Museum. Limnology and Oceanography."
NA,NA,NA,1,NA,1,NA,Peltogastridae,Peltogaster,paguri,Anomura,Paguroidea,Paguridae,Pagurus,pubescens,Molde,na,1858,NA,62.736188,7.161378,Molde,Norway,Europe,NA,NA,taxonomy,,"Lilljeborg, W. 1858. XXXIV. On the Genera Peltogaster and Liriope of Rathke. Page 173 in The Annals and magazine of natural history; zoology, botany and geology."
NA,NA,NA,1,,,NA,Peltogastridae,Peltogaster,paguri,Anomura,Paguroidea,Paguridae,Pagurus,pubescens,Eastport,na,1866,NA,44.905151,-66.983898,Maine,USA,North_America,NA,NA,ecology,,"Reinhard, E. G. 1942. Studies on the Life History and Host-Parasite Relationship of Peltogaster Paguri. Biological Bulletin 83:401–415."
25.2,NA,341,86,NA,NA,255,Peltogastridae,Peltogaster,paguri,Anomura,Paguroidea,Paguridae,Pagurus,pubescens,Googin's Ledge,na,1938,NA,44.445547,-68.287987,Maine,USA,North_America,NA,NA,ecology,used this line's data in his 1939 rediscovery paper,"Reinhard, E. G. 1942. Studies on the Life History and Host-Parasite Relationship of Peltogaster Paguri. Biological Bulletin 83:401–415."
10.3,NA,866,89,NA,NA,777,Peltogastridae,Peltogaster,paguri,Anomura,Paguroidea,Paguridae,Pagurus,pubescens,Googin's Ledge,na,1939,NA,44.445547,-68.287987,Maine,USA,North_America,NA,NA,ecology,,"Reinhard, E. G. 1942. Studies on the Life History and Host-Parasite Relationship of Peltogaster Paguri. Biological Bulletin 83:401–415."
15,NA,592,89,NA,NA,503,Peltogastridae,Peltogaster,paguri,Anomura,Paguroidea,Paguridae,Pagurus,pubescens,Googin's Ledge,na,1940,NA,44.445547,-68.287987,Maine,USA,North_America,NA,NA,ecology,,"Reinhard, E. G. 1942. Studies on the Life History and Host-Parasite Relationship of Peltogaster Paguri. Biological Bulletin 83:401–415."
15.9,NA,645,103,NA,NA,542,Peltogastridae,Peltogaster,paguri,Anomura,Paguroidea,Paguridae,Pagurus,pubescens,Googin's Ledge,na,1941,NA,44.445547,-68.287987,Maine,USA,North_America,NA,NA,ecology,,"Reinhard, E. G. 1942. Studies on the Life History and Host-Parasite Relationship of Peltogaster Paguri. Biological Bulletin 83:401–415."
7.5,NA,291,22,NA,NA,269,Peltogastridae,Peltogaster,paguri,Anomura,Paguroidea,Paguridae,Pagurus,pubescens,Frenchman Bay,na,1939,NA,44.432688,-68.290556,Maine,USA,North_America,NA,NA,ecology,"we have site names, but these were grouped under ""other localities"" in Frenchman bay so cant precisely say where these were collected.","Reinhard, E. G. 1942. Studies on the Life History and Host-Parasite Relationship of Peltogaster Paguri. Biological Bulletin 83:401–415."
10.3,NA,87,9,NA,NA,78,Peltogastridae,Peltogaster,paguri,Anomura,Paguroidea,Paguridae,Pagurus,pubescens,Frenchman Bay,na,1940,NA,44.432688,-68.290556,Maine,USA,North_America,NA,NA,ecology,"we have site names, but they were grouped under ""other localities"" in Frenchman bay","Reinhard, E. G. 1942. Studies on the Life History and Host-Parasite Relationship of Peltogaster Paguri. Biological Bulletin 83:401–415."
9.3,NA,270,25,NA,NA,245,Peltogastridae,Peltogaster,paguri,Anomura,Paguroidea,Paguridae,Pagurus,pubescens,Frenchman Bay,na,1941,NA,44.432688,-68.290556,Maine,USA,North_America,NA,NA,ecology,"we have site names, but they were grouped under ""other localities"" in Frenchman bay","Reinhard, E. G. 1942. Studies on the Life History and Host-Parasite Relationship of Peltogaster Paguri. Biological Bulletin 83:401–415."
NA,NA,NA,NA,22,NA,NA,Peltogastridae,Peltogaster,paguri,Anomura,Paguroidea,Paguridae,Pagurus,pubescens,Frenchman Bay,na,1938,1938-1941,44.445547,-68.287987,Maine,USA,North_America,NA,NA,ecology,"did not report year or locality for double infestations, number is from total rhizos examined in study. also reported triple infestations which = 2","Reinhard, E. G. 1942. Studies on the Life History and Host-Parasite Relationship of Peltogaster Paguri. Biological Bulletin 83:401–415."
NA,NA,NA ,6,0,NA,NA,Peltogastridae,Peltogaster,paguri,Anomura,Paguroidea,Paguridae,Pagurus,capillatus,Coal Harbor,na,1872,NA,55.336944,-160.604167,Alaska,USA,North_America,NA,NA,taxonomy,,"Reinhard, E. G. (1944). Rhizocephalan parasites of hermit crabs from the Northwest Pacific. Journal of the Washington Academy of Sciences, 34(2), 49–58."
NA,NA,NA,1,1,NA,NA,Peltogastridae,Peltogaster,paguri,Anomura,Paguroidea,Paguridae,Pagurus,hirsutiusculus,Unalaska,7,1937,NA,53.883535,-166.53301,Alaska,USA,North_America,NA,NA,taxonomy,guessing at coordinates,"Reinhard, E. G. (1944). Rhizocephalan parasites of hermit crabs from the Northwest Pacific. Journal of the Washington Academy of Sciences, 34(2), 49–58."
2.4,4.7,820,20,1,1,800,Peltogastridae,Peltogaster,paguri,Anomura,Paguroidea,Paguridae,Pagurus,bernhardus,southern North Sea,NA,1974,1974-1977,53.793668,2.961472,NA,Netherlands,Europe,NA,NA,ecology,"coordinate is a guess ,exact coordinates of the P. paguri in study found below, however likely include museum specimens as they are > 20","Adema, J. P. H. M., & Huwae, P. H. M. (1982). New and supplementary records of marine isopoda for the Netherlands and the southern North Sea since 1956, with a note on Peltogaster Paguri (Crustacea, Cirripedia). Zoologische Bijdragen, 28(3), 33–57."
NA,NA,NA,1,NA,0,NA,Peltogastridae,Peltogaster,paguri,Anomura,Paguroidea,Paguridae,Pagurus,bernhardus,southern North Sea,10,1974,NA,55.433333,0.483333,NA,Netherlands,Europe,NA,NA,ecology,"called Netherlands, but many from near UK","Adema, J. P. H. M., & Huwae, P. H. M. (1982). New and supplementary records of marine isopoda for the Netherlands and the southern North Sea since 1956, with a note on Peltogaster Paguri (Crustacea, Cirripedia). Zoologische Bijdragen, 28(3), 33–57."
NA,NA,NA,1,NA,0,NA,Peltogastridae,Peltogaster,paguri,Anomura,Paguroidea,Paguridae,Pagurus,bernhardus,southern North Sea,11,1974,NA,53.583333,4.401389,NA,Netherlands,Europe,NA,NA,ecology,,"Adema, J. P. H. M., & Huwae, P. H. M. (1982). New and supplementary records of marine isopoda for the Netherlands and the southern North Sea since 1956, with a note on Peltogaster Paguri (Crustacea, Cirripedia). Zoologische Bijdragen, 28(3), 33–57."
NA,NA,NA,1,NA,0,NA,Peltogastridae,Peltogaster,paguri,Anomura,Paguroidea,Paguridae,Pagurus,bernhardus,southern North Sea,9,1975,NA,53.816667,4.1,NA,Netherlands,Europe,NA,NA,ecology,,"Adema, J. P. H. M., & Huwae, P. H. M. (1982). New and supplementary records of marine isopoda for the Netherlands and the southern North Sea since 1956, with a note on Peltogaster Paguri (Crustacea, Cirripedia). Zoologische Bijdragen, 28(3), 33–57."
NA,NA,NA,1,NA,0,NA,Peltogastridae,Peltogaster,paguri,Anomura,Paguroidea,Paguridae,Pagurus,bernhardus,southern North Sea,9,1975,NA,54.483333,3.55,NA,Netherlands,Europe,NA,NA,ecology,,"Adema, J. P. H. M., & Huwae, P. H. M. (1982). New and supplementary records of marine isopoda for the Netherlands and the southern North Sea since 1956, with a note on Peltogaster Paguri (Crustacea, Cirripedia). Zoologische Bijdragen, 28(3), 33–57."
NA,NA,NA,1,NA,0,NA,Peltogastridae,Peltogaster,paguri,Anomura,Paguroidea,Paguridae,Pagurus,bernhardus,southern North Sea,10,1975,NA,53.266667,3.816667,NA,Netherlands,Europe,NA,NA,ecology,,"Adema, J. P. H. M., & Huwae, P. H. M. (1982). New and supplementary records of marine isopoda for the Netherlands and the southern North Sea since 1956, with a note on Peltogaster Paguri (Crustacea, Cirripedia). Zoologische Bijdragen, 28(3), 33–57."
NA,NA,NA,1,NA,0,NA,Peltogastridae,Peltogaster,paguri,Anomura,Paguroidea,Paguridae,Pagurus,bernhardus,southern North Sea,10,1975,NA,53.283333,2.516667,NA,Netherlands,Europe,NA,NA,ecology,,"Adema, J. P. H. M., & Huwae, P. H. M. (1982). New and supplementary records of marine isopoda for the Netherlands and the southern North Sea since 1956, with a note on Peltogaster Paguri (Crustacea, Cirripedia). Zoologische Bijdragen, 28(3), 33–57."
NA,NA,NA,1,NA,0,NA,Peltogastridae,Peltogaster,paguri,Anomura,Paguroidea,Paguridae,Pagurus,bernhardus,southern North Sea,10,1975,NA,53.483333,2.95,NA,Netherlands,Europe,NA,NA,ecology,,"Adema, J. P. H. M., & Huwae, P. H. M. (1982). New and supplementary records of marine isopoda for the Netherlands and the southern North Sea since 1956, with a note on Peltogaster Paguri (Crustacea, Cirripedia). Zoologische Bijdragen, 28(3), 33–57."
NA,NA,NA,1,NA,0,NA,Peltogastridae,Peltogaster,paguri,Anomura,Paguroidea,Paguridae,Pagurus,bernhardus,southern North Sea,11,1975,NA,52.633333,3.866667,NA,Netherlands,Europe,NA,NA,ecology,,"Adema, J. P. H. M., & Huwae, P. H. M. (1982). New and supplementary records of marine isopoda for the Netherlands and the southern North Sea since 1956, with a note on Peltogaster Paguri (Crustacea, Cirripedia). Zoologische Bijdragen, 28(3), 33–57."
NA,NA,NA,1,NA,0,NA,Peltogastridae,Peltogaster,paguri,Anomura,Paguroidea,Paguridae,Pagurus,bernhardus,southern North Sea,11,1975,NA,52.55,3.933333,NA,Netherlands,Europe,NA,NA,ecology,,"Adema, J. P. H. M., & Huwae, P. H. M. (1982). New and supplementary records of marine isopoda for the Netherlands and the southern North Sea since 1956, with a note on Peltogaster Paguri (Crustacea, Cirripedia). Zoologische Bijdragen, 28(3), 33–57."
NA,NA,NA,2,NA,0,NA,Peltogastridae,Peltogaster,paguri,Anomura,Paguroidea,Paguridae,Pagurus,bernhardus,southern North Sea,11,1975,NA,52.533333,3.483333,NA,Netherlands,Europe,NA,NA,ecology,,"Adema, J. P. H. M., & Huwae, P. H. M. (1982). New and supplementary records of marine isopoda for the Netherlands and the southern North Sea since 1956, with a note on Peltogaster Paguri (Crustacea, Cirripedia). Zoologische Bijdragen, 28(3), 33–57."
NA,NA,NA,1,NA,0,NA,Peltogastridae,Peltogaster,paguri,Anomura,Paguroidea,Paguridae,Pagurus,bernhardus,southern North Sea,11,1975,NA,52.4,2.75,NA,Netherlands,Europe,NA,NA,ecology,,"Adema, J. P. H. M., & Huwae, P. H. M. (1982). New and supplementary records of marine isopoda for the Netherlands and the southern North Sea since 1956, with a note on Peltogaster Paguri (Crustacea, Cirripedia). Zoologische Bijdragen, 28(3), 33–57."
NA,NA,NA,3,NA,0,NA,Peltogastridae,Peltogaster,paguri,Anomura,Paguroidea,Paguridae,Pagurus,bernhardus,southern North Sea,11,1975,NA,52.883333,2.766667,NA,Netherlands,Europe,NA,NA,ecology,,"Adema, J. P. H. M., & Huwae, P. H. M. (1982). New and supplementary records of marine isopoda for the Netherlands and the southern North Sea since 1956, with a note on Peltogaster Paguri (Crustacea, Cirripedia). Zoologische Bijdragen, 28(3), 33–57."
NA,NA,NA,1,NA,0,NA,Peltogastridae,Peltogaster,paguri,Anomura,Paguroidea,Paguridae,Pagurus,bernhardus,southern North Sea,11,1975,NA,52.966667,2.966667,NA,Netherlands,Europe,NA,NA,ecology,,"Adema, J. P. H. M., & Huwae, P. H. M. (1982). New and supplementary records of marine isopoda for the Netherlands and the southern North Sea since 1956, with a note on Peltogaster Paguri (Crustacea, Cirripedia). Zoologische Bijdragen, 28(3), 33–57."
NA,NA,NA,1,NA,0,NA,Peltogastridae,Peltogaster,paguri,Anomura,Paguroidea,Paguridae,Pagurus,bernhardus,southern North Sea,11,1975,NA,53.016667,3.183333,NA,Netherlands,Europe,NA,NA,ecology,,"Adema, J. P. H. M., & Huwae, P. H. M. (1982). New and supplementary records of marine isopoda for the Netherlands and the southern North Sea since 1956, with a note on Peltogaster Paguri (Crustacea, Cirripedia). Zoologische Bijdragen, 28(3), 33–57."
NA,NA,NA,1,NA,0,NA,Peltogastridae,Peltogaster,paguri,Anomura,Paguroidea,Paguridae,Pagurus,bernhardus,southern North Sea,2,1976,NA,53.833333,4.05,NA,Netherlands,Europe,NA,NA,ecology,,"Adema, J. P. H. M., & Huwae, P. H. M. (1982). New and supplementary records of marine isopoda for the Netherlands and the southern North Sea since 1956, with a note on Peltogaster Paguri (Crustacea, Cirripedia). Zoologische Bijdragen, 28(3), 33–57."
NA,NA,NA,2,NA,0,NA,Peltogastridae,Peltogaster,paguri,Anomura,Paguroidea,Paguridae,Pagurus,bernhardus,southern North Sea,2,1976,NA,52.95,2.983333,NA,Netherlands,Europe,NA,NA,ecology,,"Adema, J. P. H. M., & Huwae, P. H. M. (1982). New and supplementary records of marine isopoda for the Netherlands and the southern North Sea since 1956, with a note on Peltogaster Paguri (Crustacea, Cirripedia). Zoologische Bijdragen, 28(3), 33–57."
NA,NA,NA,1,NA,0,NA,Peltogastridae,Peltogaster,paguri,Anomura,Paguroidea,Paguridae,Pagurus,bernhardus,southern North Sea,2,1976,NA,52.883333,2.766667,NA,Netherlands,Europe,NA,NA,ecology,,"Adema, J. P. H. M., & Huwae, P. H. M. (1982). New and supplementary records of marine isopoda for the Netherlands and the southern North Sea since 1956, with a note on Peltogaster Paguri (Crustacea, Cirripedia). Zoologische Bijdragen, 28(3), 33–57."
NA,NA,NA,1,NA,0,NA,Peltogastridae,Peltogaster,paguri,Anomura,Paguroidea,Paguridae,Pagurus,bernhardus,southern North Sea,2,1976,NA,52.8,2.566667,NA,Netherlands,Europe,NA,NA,ecology,,"Adema, J. P. H. M., & Huwae, P. H. M. (1982). New and supplementary records of marine isopoda for the Netherlands and the southern North Sea since 1956, with a note on Peltogaster Paguri (Crustacea, Cirripedia). Zoologische Bijdragen, 28(3), 33–57."
NA,NA,NA,1,NA,0,NA,Peltogastridae,Peltogaster,paguri,Anomura,Paguroidea,Paguridae,Pagurus,bernhardus,southern North Sea,2,1976,NA,52.683333,2.633333,NA,Netherlands,Europe,NA,NA,ecology,,"Adema, J. P. H. M., & Huwae, P. H. M. (1982). New and supplementary records of marine isopoda for the Netherlands and the southern North Sea since 1956, with a note on Peltogaster Paguri (Crustacea, Cirripedia). Zoologische Bijdragen, 28(3), 33–57."
NA,NA,NA,1,NA,0,NA,Peltogastridae,Peltogaster,paguri,Anomura,Paguroidea,Paguridae,Pagurus,bernhardus,southern North Sea,2,1976,NA,52.55,2.716667,NA,Netherlands,Europe,NA,NA,ecology,,"Adema, J. P. H. M., & Huwae, P. H. M. (1982). New and supplementary records of marine isopoda for the Netherlands and the southern North Sea since 1956, with a note on Peltogaster Paguri (Crustacea, Cirripedia). Zoologische Bijdragen, 28(3), 33–57."
NA,NA,NA,4,1,0,NA,Peltogastridae,Peltogaster,paguri,Anomura,Paguroidea,Paguridae,Pagurus,bernhardus,southern North Sea,2,1976,NA,52.4,2.783333,NA,Netherlands,Europe,NA,NA,ecology,,"Adema, J. P. H. M., & Huwae, P. H. M. (1982). New and supplementary records of marine isopoda for the Netherlands and the southern North Sea since 1956, with a note on Peltogaster Paguri (Crustacea, Cirripedia). Zoologische Bijdragen, 28(3), 33–57."
NA,NA,NA,2,NA,0,NA,Peltogastridae,Peltogaster,paguri,Anomura,Paguroidea,Paguridae,Pagurus,bernhardus,southern North Sea,2,1976,NA,52.516667,3.033333,NA,Netherlands,Europe,NA,NA,ecology,,"Adema, J. P. H. M., & Huwae, P. H. M. (1982). New and supplementary records of marine isopoda for the Netherlands and the southern North Sea since 1956, with a note on Peltogaster Paguri (Crustacea, Cirripedia). Zoologische Bijdragen, 28(3), 33–57."
NA,NA,NA,1,NA,0,NA,Peltogastridae,Peltogaster,paguri,Anomura,Paguroidea,Paguridae,Pagurus,bernhardus,southern North Sea,2,1976,NA,52.433333,3.716667,NA,Netherlands,Europe,NA,NA,ecology,,"Adema, J. P. H. M., & Huwae, P. H. M. (1982). New and supplementary records of marine isopoda for the Netherlands and the southern North Sea since 1956, with a note on Peltogaster Paguri (Crustacea, Cirripedia). Zoologische Bijdragen, 28(3), 33–57."
NA,NA,NA,2,NA,0,NA,Peltogastridae,Peltogaster,paguri,Anomura,Paguroidea,Paguridae,Pagurus,bernhardus,southern North Sea,2,1976,NA,52.451389,4.2,NA,Netherlands,Europe,NA,NA,ecology,,"Adema, J. P. H. M., & Huwae, P. H. M. (1982). New and supplementary records of marine isopoda for the Netherlands and the southern North Sea since 1956, with a note on Peltogaster Paguri (Crustacea, Cirripedia). Zoologische Bijdragen, 28(3), 33–57."
NA,NA,NA,1,NA,0,NA,Peltogastridae,Peltogaster,paguri,Anomura,Paguroidea,Paguridae,Pagurus,bernhardus,southern North Sea,10,1976,NA,52.734722,3.118056,NA,Netherlands,Europe,NA,NA,ecology,,"Adema, J. P. H. M., & Huwae, P. H. M. (1982). New and supplementary records of marine isopoda for the Netherlands and the southern North Sea since 1956, with a note on Peltogaster Paguri (Crustacea, Cirripedia). Zoologische Bijdragen, 28(3), 33–57."
NA,NA,NA,1,NA,0,NA,Peltogastridae,Peltogaster,paguri,Anomura,Paguroidea,Paguridae,Pagurus,bernhardus,southern North Sea,10,1976,NA,53.716667,4.233333,NA,Netherlands,Europe,NA,NA,ecology,,"Adema, J. P. H. M., & Huwae, P. H. M. (1982). New and supplementary records of marine isopoda for the Netherlands and the southern North Sea since 1956, with a note on Peltogaster Paguri (Crustacea, Cirripedia). Zoologische Bijdragen, 28(3), 33–57."
NA,NA,NA,1,NA,0,NA,Peltogastridae,Peltogaster,paguri,Anomura,Paguroidea,Paguridae,Pagurus,bernhardus,southern North Sea,10,1977,NA,53.793668,2.961472,NA,Netherlands,Europe,NA,NA,ecology,,"Adema, J. P. H. M., & Huwae, P. H. M. (1982). New and supplementary records of marine isopoda for the Netherlands and the southern North Sea since 1956, with a note on Peltogaster Paguri (Crustacea, Cirripedia). Zoologische Bijdragen, 28(3), 33–57."
NA,NA,NA,NA,NA,1,NA,Peltogastridae,Peltogaster,paguri,Anomura,Paguroidea,Paguridae,Pagurus,bernhardus,southern North Sea,10,1974,NA,55.316667,0.7,NA,Netherlands,Europe,NA,NA,ecology,"could not connect this with P. paguri lat long, but must have been on one. could be a typo in paper and they meant the first row","Adema, J. P. H. M., & Huwae, P. H. M. (1982). New and supplementary records of marine isopoda for the Netherlands and the southern North Sea since 1956, with a note on Peltogaster Paguri (Crustacea, Cirripedia). Zoologische Bijdragen, 28(3), 33–57."
NA,NA,NA,3,0,NA,NA,Peltogastridae,Peltogaster,paguri,Anomura,Paguroidea,Paguridae,Pagurus,pubescens,off Newfoundland,6,1885,NA,45.733333,-49.75,Newfoundland and Labrador,Canada,North_America,NA,NA,taxonomy,,"Reinhard, E. (1946). Rhizocephala from New England and the Grand Banks. Journal of The Washington Academy of Sciences, 36(4), 127–131."
NA,NA,NA,8,0,NA,NA,Peltogastridae,Peltogaster,paguri,Anomura,Paguroidea,Paguridae,Pagurus,pubescens,off Nova Scotia,7,1885,NA,44.466667,-60.254167,Nova Scotia,Canada,North_America,NA,NA,taxonomy,,"Reinhard, E. (1946). Rhizocephala from New England and the Grand Banks. Journal of The Washington Academy of Sciences, 36(4), 127–131."
NA,NA,NA,2,0,NA,NA,Peltogastridae,Peltogaster,paguri,Anomura,Paguroidea,Paguridae,Pagurus,pubescens,off Nova Scotia,6,1885,NA,43.616667,-49.941667,Nova Scotia,Canada,North_America,NA,NA,taxonomy,,"Reinhard, E. (1946). Rhizocephala from New England and the Grand Banks. Journal of The Washington Academy of Sciences, 36(4), 127–131."
NA,NA,NA,1,0,NA,NA,Peltogastridae,Peltogaster,paguri,Anomura,Paguroidea,Paguridae,Pagurus,pubescens,Off Cape Cod,8,1883,NA,42.016667,-68.008333,Massachusetts,USA,North_America,NA,NA,taxonomy,,"Reinhard, E. (1946). Rhizocephala from New England and the Grand Banks. Journal of The Washington Academy of Sciences, 36(4), 127–131."
6.5,NA,NA,NA,NA,NA,NA,Peltogastridae,Peltogaster,paguri,Anomura,Paguroidea,Paguridae,Anapagurus,laevis,BIOFAR area,NA,1987,1987-1991,62.059406,-6.830135,NA,Faroe Islands,Europe,NA,NA,ecology,"coordinates are a guess, exact for observations below. ","Lange, S., & Båmstedt, U. (1999). Rhizocephala (Crustacea, Cirripedia) of the Faroe Islands. Sarsia, 84(1), 79–83. https://doi.org/10.1080/00364827.1999.10420453"
3,NA,NA,NA,NA,NA,NA,Peltogastridae,Peltogaster,paguri,Anomura,Paguroidea,Paguridae,Pagurus,bernhardus,BIOFAR area,NA,1987,1987-1991,62.059406,-6.830135,NA,Faroe Islands,Europe,NA,NA,ecology,,"Lange, S., & Båmstedt, U. (1999). Rhizocephala (Crustacea, Cirripedia) of the Faroe Islands. Sarsia, 84(1), 79–83. https://doi.org/10.1080/00364827.1999.10420454"
0.5,NA,NA,NA,NA,NA,NA,Peltogastridae,Peltogaster,paguri,Anomura,Paguroidea,Paguridae,Pagurus,pubescens,BIOFAR area,NA,1987,1987-1991,62.059406,-6.830135,NA,Faroe Islands,Europe,NA,NA,ecology,,"Lange, S., & Båmstedt, U. (1999). Rhizocephala (Crustacea, Cirripedia) of the Faroe Islands. Sarsia, 84(1), 79–83. https://doi.org/10.1080/00364827.1999.10420455"
NA,NA,NA,2,1,0,NA,Peltogastridae,Peltogaster,paguri,Anomura,Paguroidea,Paguridae,Anapagurus,laevis,Stn 006,7,1987,NA,62.253667,-5.586167,NA,Faroe Islands,Europe,NA,NA,ecology,,"Lange, S., & Båmstedt, U. (1999). Rhizocephala (Crustacea, Cirripedia) of the Faroe Islands. Sarsia, 84(1), 79–83. https://doi.org/10.1080/00364827.1999.10420456"
NA,NA,NA,1,0,1,NA,Peltogastridae,Peltogaster,paguri,Anomura,Paguroidea,Paguridae,Pagurus,pubescens,Stn 006,7,1987,NA,62.253667,-5.586167,NA,Faroe Islands,Europe,NA,NA,ecology,,"Lange, S., & Båmstedt, U. (1999). Rhizocephala (Crustacea, Cirripedia) of the Faroe Islands. Sarsia, 84(1), 79–83. https://doi.org/10.1080/00364827.1999.10420457"
NA,NA,NA,3,1,0,NA,Peltogastridae,Peltogaster,paguri,Anomura,Paguroidea,Paguridae,Anapagurus,laevis,Stn 007,7,1987,NA,62.266667,-5.633333,NA,Faroe Islands,Europe,NA,NA,ecology,,"Lange, S., & Båmstedt, U. (1999). Rhizocephala (Crustacea, Cirripedia) of the Faroe Islands. Sarsia, 84(1), 79–83. https://doi.org/10.1080/00364827.1999.10420458"
NA,NA,NA,1,0,0,NA,Peltogastridae,Peltogaster,paguri,Anomura,Paguroidea,Paguridae,Anapagurus,laevis,Stn 100,7,1987,NA,61.579333,-6.284167,NA,Faroe Islands,Europe,NA,NA,ecology,,"Lange, S., & Båmstedt, U. (1999). Rhizocephala (Crustacea, Cirripedia) of the Faroe Islands. Sarsia, 84(1), 79–83. https://doi.org/10.1080/00364827.1999.10420459"
NA,NA,NA,1,0,0,NA,Peltogastridae,Peltogaster,paguri,Anomura,Paguroidea,Paguridae,Pagurus,pubescens,Stn 304,7,1988,NA,60.178333,-9.803333,NA,Faroe Islands,Europe,NA,NA,ecology,,"Lange, S., & Båmstedt, U. (1999). Rhizocephala (Crustacea, Cirripedia) of the Faroe Islands. Sarsia, 84(1), 79–83. https://doi.org/10.1080/00364827.1999.10420460"
NA,NA,NA,1,0,0,NA,Peltogastridae,Peltogaster,paguri,Anomura,Paguroidea,Paguridae,Pagurus,pubescens,Stn 324,7,1988,NA,60.581667,-9.363333,NA,Faroe Islands,Europe,NA,NA,ecology,,"Lange, S., & Båmstedt, U. (1999). Rhizocephala (Crustacea, Cirripedia) of the Faroe Islands. Sarsia, 84(1), 79–83. https://doi.org/10.1080/00364827.1999.10420461"
NA,NA,NA,1,0,0,NA,Peltogastridae,Peltogaster,paguri,Anomura,Paguroidea,Paguridae,Pagurus,bernhardus,Stn 351,7,1988,NA,62.248333,-7.768333,NA,Faroe Islands,Europe,NA,NA,ecology,,"Lange, S., & Båmstedt, U. (1999). Rhizocephala (Crustacea, Cirripedia) of the Faroe Islands. Sarsia, 84(1), 79–83. https://doi.org/10.1080/00364827.1999.10420462"
NA,NA,NA,1,1,0,Na,Peltogastridae,Peltogaster,paguri,Anomura,Paguroidea,Paguridae,Anapagurus,laevis,Stn 356,7,1988,NA,62.423333,-5.326667,NA,Faroe Islands,Europe,NA,NA,ecology,,"Lange, S., & Båmstedt, U. (1999). Rhizocephala (Crustacea, Cirripedia) of the Faroe Islands. Sarsia, 84(1), 79–83. https://doi.org/10.1080/00364827.1999.10420463"
NA,NA,NA,1,0,0,NA,Peltogastridae,Peltogaster,paguri,Anomura,Paguroidea,Paguridae,Anapagurus,laevis,Stn 357,7,1988,NA,62.068333,-4.726667,NA,Faroe Islands,Europe,NA,NA,ecology,,"Lange, S., & Båmstedt, U. (1999). Rhizocephala (Crustacea, Cirripedia) of the Faroe Islands. Sarsia, 84(1), 79–83. https://doi.org/10.1080/00364827.1999.10420464"
NA,NA,NA,1,0,0,NA,Peltogastridae,Peltogaster,paguri,Anomura,Paguroidea,Paguridae,Anapagurus,laevis,Stn 359,7,1988,NA,61.955,-4.366667,NA,Faroe Islands,Europe,NA,NA,ecology,,"Lange, S., & Båmstedt, U. (1999). Rhizocephala (Crustacea, Cirripedia) of the Faroe Islands. Sarsia, 84(1), 79–83. https://doi.org/10.1080/00364827.1999.10420465"
NA,NA,NA,1,0,0,NA,Peltogastridae,Peltogaster,paguri,Anomura,Paguroidea,Paguridae,Pagurus,pubescens,Stn 364,7,1988,NA,62.248333,-5.573333,NA,Faroe Islands,Europe,NA,NA,ecology,,"Lange, S., & Båmstedt, U. (1999). Rhizocephala (Crustacea, Cirripedia) of the Faroe Islands. Sarsia, 84(1), 79–83. https://doi.org/10.1080/00364827.1999.10420466"
NA,NA,NA,1,0,1,NA,Peltogastridae,Peltogaster,paguri,Anomura,Paguroidea,Paguridae,Pagurus,pubescens,Stn 368,7,1988,NA,62.363333,-6.736667,NA,Faroe Islands,Europe,NA,NA,ecology,,"Lange, S., & Båmstedt, U. (1999). Rhizocephala (Crustacea, Cirripedia) of the Faroe Islands. Sarsia, 84(1), 79–83. https://doi.org/10.1080/00364827.1999.10420467"
NA,NA,NA,1,1,0,NA,Peltogastridae,Peltogaster,paguri,Anomura,Paguroidea,Paguridae,Pagurus,bernhardus,Stn 371,7,1988,NA,62.283333,-6.916667,NA,Faroe Islands,Europe,NA,NA,ecology,,"Lange, S., & Båmstedt, U. (1999). Rhizocephala (Crustacea, Cirripedia) of the Faroe Islands. Sarsia, 84(1), 79–83. https://doi.org/10.1080/00364827.1999.10420468"
NA,NA,NA,1,0,0,NA,Peltogastridae,Peltogaster,paguri,Anomura,Paguroidea,Paguridae,Anapagurus,laevis,Stn 456,6,1989,NA,62.633,-7.2575,NA,Faroe Islands,Europe,NA,NA,ecology,,"Lange, S., & Båmstedt, U. (1999). Rhizocephala (Crustacea, Cirripedia) of the Faroe Islands. Sarsia, 84(1), 79–83. https://doi.org/10.1080/00364827.1999.10420469"
NA,NA,NA,1,1,0,NA,Peltogastridae,Peltogaster,paguri,Anomura,Paguroidea,Paguridae,Pagurus,bernhardus,Stn 606,4,1990,NA,61.258333,-6.286667,NA,Faroe Islands,Europe,NA,NA,ecology,,"Lange, S., & Båmstedt, U. (1999). Rhizocephala (Crustacea, Cirripedia) of the Faroe Islands. Sarsia, 84(1), 79–83. https://doi.org/10.1080/00364827.1999.10420470"
NA,NA,NA,1,0,0,NA,Peltogastridae,Peltogaster,paguri,Anomura,Paguroidea,Paguridae,Anapagurus,laevis,Stn  606,4,1990,NA,61.258333,-6.286667,NA,Faroe Islands,Europe,NA,NA,ecology,,"Lange, S., & Båmstedt, U. (1999). Rhizocephala (Crustacea, Cirripedia) of the Faroe Islands. Sarsia, 84(1), 79–83. https://doi.org/10.1080/00364827.1999.10420471"
0.3,22.2,"2,632",9,,2,,Peltogastridae,Peltogaster,paguri,Anomura,Paguroidea,Paguridae,Pagurus,bernhardus,Roscoff,NA,1960???,,48.727089,-3.987611,Roscoff,France,Europe,,,ecology,coordinates are a guess,"Bourdon, R. (1963). Epicarides et Rhizocéphales de Roscoff. Cahiers de Biologie Marine, 4(4), 415–434."
0.1,,742,1,,,,Peltogastridae,Peltogaster,paguri,Anomura,Paguroidea,Paguridae,Pagurus,cuanensis,Roscoff,NA,1960???,,48.727089,-3.987611,Roscoff,France,Europe,,,ecology,"paper was in french, so guessed. probably should be checked by a french speaking person","Bourdon, R. (1963). Epicarides et Rhizocéphales de Roscoff. Cahiers de Biologie Marine, 4(4), 415–434."
0.2,NA,1790,3,0,NA,1787,Peltogastridae,Peltogaster,paguri,Anomura,Paguroidea,Paguridae,Pagurus,bernhardus,Elbow,NA,1983,1983-1984,55.7225,-4.983167,Cumbrae Islands,UK ,Europe,deep,NA,ecology ,"collected data every month, can get month of individual obs. if desired.","Moore, P. G., & Nickell, T. D. (1990). A Note on the Occurrence of Parasitic Crustacea on Certain Epibenthic Hermit Crabs and Prawns (Decapoda Anomura et Caridea) from the Clyde Sea, Scotland. Crustaceana, 59(3), 303–306."
0,NA,4,0,0,NA,4,Peltogastridae,Peltogaster,paguri,Anomura,Paguroidea,Paguridae,Anapagurus,laevis,Elbow,NA,1983,1983-1984,55.7225,-4.983167,Cumbrae Islands,UK ,Europe,deep,NA,ecology ,,"Moore, P. G., & Nickell, T. D. (1990). A Note on the Occurrence of Parasitic Crustacea on Certain Epibenthic Hermit Crabs and Prawns (Decapoda Anomura et Caridea) from the Clyde Sea, Scotland. Crustaceana, 59(3), 303–306."
1.2,NA,85,1,0,NA,84,Peltogastridae,Peltogaster,paguri,Anomura,Paguroidea,Paguridae,Pagurus,bernhardus,Clach,NA,1983,1983-1984,55.746833,-4.9375,Cumbrae Islands,UK ,Europe,shallow,NA,ecology ,,"Moore, P. G., & Nickell, T. D. (1990). A Note on the Occurrence of Parasitic Crustacea on Certain Epibenthic Hermit Crabs and Prawns (Decapoda Anomura et Caridea) from the Clyde Sea, Scotland. Crustaceana, 59(3), 303–306."
NA,NA,NA,1,NA,NA,NA,Peltogastridae,Peltogaster,paguri,Anomura,Paguroidea,Paguridae,Pagurus,pubescens,Henley Harbour,NA,1882,NA,52.011634,-55.869607,Newfoundland and Labrador,Canada,North_America,NA,NA,taxonomy,Reinhard doubts this observation. ,"Smith, S. I. (1883). List of the Crustacea dredged on the coast of Labrador by the expedition under the direction of W. A. Stearns, in 1882. Proceedings of the United States National Museum, 6(374), 218–222. https://doi.org/10.1126/science.9.231.776"
NA,NA,NA,1,NA,NA,NA,Peltogastridae,Peltogaster,paguri,Anomura,Paguroidea,Paguridae,Pagurus,bernhardus,Hunstanton Scaup,6,1963,NA,52.935667,0.481113,Norfolk,UK,Europe,NA,NA,taxonomy,coordinates are a close guess,"Hamond, R. (1997). The Cirripedia, Branchiura and marine Cladocera of Norfolk. Transactions of the Norfolk and Norwich Naturalists’ Society, 31(1), 56–57."
NA,NA,NA,1,NA,NA,NA,Peltogastridae,Peltogaster,paguri,Anomura,Paguroidea,Paguridae,Pagurus,bernhardus,Hunstanton Scaup,8,1963,NA,52.935667,0.481113,Norfolk,UK,Europe,NA,NA,taxonomy,,"Hamond, R. (1997). The Cirripedia, Branchiura and marine Cladocera of Norfolk. Transactions of the Norfolk and Norwich Naturalists’ Society, 31(1), 56–57."
NA,NA,NA,1,NA,NA,NA,Peltogastridae,Peltogaster,paguri,Anomura,Paguroidea,Paguridae,Pagurus,bernhardus,Freshes Lays ,8,1963,NA,52.973836,0.956362,Norfolk,UK,Europe,NA,NA,taxonomy,,"Hamond, R. (1997). The Cirripedia, Branchiura and marine Cladocera of Norfolk. Transactions of the Norfolk and Norwich Naturalists’ Society, 31(1), 56–57."
NA,NA,NA,1,NA,NA,NA,Peltogastridae,Peltogaster,paguri,Anomura,Paguroidea,Paguridae,Pagurus,bernhardus,West Runton,5,1964,NA,52.942293,1.244453,Norfolk,UK,Europe,NA,NA,taxonomy,,"Hamond, R. (1997). The Cirripedia, Branchiura and marine Cladocera of Norfolk. Transactions of the Norfolk and Norwich Naturalists’ Society, 31(1), 56–57."
NA,NA,NA,1,NA,NA,NA,Peltogastridae,Peltogaster,paguri,Anomura,Paguroidea,Paguridae,Pagurus,bernhardus,Slip Pier Beach,NA,1955,NA,51.703347,-5.15071,Haverfordwest,UK,Europe,NA,NA,taxonomy,"used pub. date for date, coordinates are a guess","Bassindale, R., & Barret, J. H. (1955). The Dale Fort Marine Fauna. 29, 270. http://www.biodiversitylibrary.org/item/178299"
NA,NA,NA,1,NA,NA,NA,Peltogastridae,Peltogaster,paguri,Anomura,Paguroidea,Paguridae,Pagurus,bernhardus,Stat 24,NA,1928,NA,56.951034,11.307781,Kattegat,Denmark,Europe,NA,NA,taxonomy,"coordiates are a guess, couldnt find correct station coordinates used pub year for this row","Boschma, H. (1928). Rhizocephala of the North Atlantic Region. The Danish Ingolf Expedition, 3c, 1–49."
NA,NA,NA,1,1,NA,NA,Peltogastridae,Peltogaster,paguri,Anomura,Paguroidea,Paguridae,Pagurus,bernhardus,Stat 114,NA,1884,NA,57.3134,10.987986,Kattegat,Denmark,Europe,NA,NA,taxonomy,,"Boschma, H. (1928). Rhizocephala of the North Atlantic Region. The Danish Ingolf Expedition, 3c, 1–49."
NA,NA,NA,2,1,NA,NA,Peltogastridae,Peltogaster,paguri,Anomura,Paguroidea,Paguridae,Pagurus,bernhardus,Stat 115,NA,1884,NA,57.3134,10.987986,Kattegat,Denmark,Europe,NA,NA,taxonomy,,"Boschma, H. (1928). Rhizocephala of the North Atlantic Region. The Danish Ingolf Expedition, 3c, 1–49."
NA,NA,NA,1,1,NA,NA,Peltogastridae,Peltogaster,paguri,Anomura,Paguroidea,Paguridae,Pagurus,bernhardus,Stat 226,NA,1928,NA,56.951034,11.307781,Kattegat,Denmark,Europe,NA,NA,taxonomy,pub date for year,"Boschma, H. (1928). Rhizocephala of the North Atlantic Region. The Danish Ingolf Expedition, 3c, 1–49."
NA,NA,NA,1,NA,NA,NA,Peltogastridae,Peltogaster,paguri,Anomura,Paguroidea,Paguridae,Pagurus,bernhardus,Frederikshavn,NA,1884,NA,57.459984,10.540263,Kattegat,Denmark,Europe,NA,NA,taxonomy,says 5 externa but nothing about # of hosts,"Boschma, H. (1928). Rhizocephala of the North Atlantic Region. The Danish Ingolf Expedition, 3c, 1–49."
NA,NA,NA,1,0,NA,NA,Peltogastridae,Peltogaster,paguri,Anomura,Paguroidea,Paguridae,Pagurus,bernhardus,Hellebaek,NA,1864,NA,56.069328,12.56127,Kattegat,Denmark,Europe,NA,NA,taxonomy,,"Boschma, H. (1928). Rhizocephala of the North Atlantic Region. The Danish Ingolf Expedition, 3c, 1–49."
NA,NA,NA,1,0,NA,NA,Peltogastridae,Peltogaster,paguri,Anomura,Paguroidea,Paguridae,Pagurus,bernhardus,off Aalbaek ,NA,1928,NA,57.591544,10.53211,Kattegat,Denmark,Europe,NA,NA,taxonomy,pub date for year,"Boschma, H. (1928). Rhizocephala of the North Atlantic Region. The Danish Ingolf Expedition, 3c, 1–49."
NA,NA,NA,1,0,NA,NA,Peltogastridae,Peltogaster,paguri,Anomura,Paguroidea,Paguridae,Pagurus,bernhardus,off Anholt,NA,1928,NA,56.74101,11.560751,Kattegat,Denmark,Europe,NA,NA,taxonomy,pub date for year,"Boschma, H. (1928). Rhizocephala of the North Atlantic Region. The Danish Ingolf Expedition, 3c, 1–49."
NA,NA,NA,1,0,NA,NA,Peltogastridae,Peltogaster,paguri,Anomura,Paguroidea,Paguridae,Pagurus,bernhardus,Ymuiden,NA,1897,NA,52.45706,4.551375,Ymuiden,Netherlands,Europe,NA,NA,taxonomy,,"Boschma, H. (1928). Rhizocephala of the North Atlantic Region. The Danish Ingolf Expedition, 3c, 1–49."
NA,NA,NA,1,0,NA,NA,Peltogastridae,Peltogaster,paguri,Anomura,Paguroidea,Paguridae,Pagurus,bernhardus,Helder,NA,1928,NA,52.963952,4.753456,Helder,Netherlands,Europe,NA,NA,taxonomy,pub date for year,"Boschma, H. (1928). Rhizocephala of the North Atlantic Region. The Danish Ingolf Expedition, 3c, 1–49."
NA,NA,NA,1,0,NA,NA,Peltogastridae,Peltogaster,paguri,Anomura,Paguroidea,Paguridae,Pagurus,cuanensis,Stat. 56,NA,1928,NA,56.951034,11.307781,Kattegat,Denmark,Europe,NA,NA,taxonomy,pub date for year,"Boschma, H. (1928). Rhizocephala of the North Atlantic Region. The Danish Ingolf Expedition, 3c, 1–49."
NA,NA,NA,1,0,NA,NA,Peltogastridae,Peltogaster,paguri,Anomura,Paguroidea,Paguridae,Pagurus,cuanensis,off Læsø,NA,1923,NA,57.3134,10.987986,Kattegat,Denmark,Europe,NA,NA,taxonomy,,"Boschma, H. (1928). Rhizocephala of the North Atlantic Region. The Danish Ingolf Expedition, 3c, 1–49."
NA,NA,NA,1,0,NA,NA,Peltogastridae,Peltogaster,paguri,Anomura,Paguroidea,Paguridae,Anapagurus,chrioacanthus,Stat. 243,NA,1928,NA,56.951034,11.307781,Kattegat,Denmark,Europe,NA,NA,taxonomy,,"Boschma, H. (1928). Rhizocephala of the North Atlantic Region. The Danish Ingolf Expedition, 3c, 1–49."
11.4,NA,35,4,NA,NA,31,Peltogastridae,Peltogaster,paguri,Anomura,Paguroidea,Paguridae,Pagurus,bernhardus,Koksijde,5,1981,NA,51.128251,2.647765,Koksijde,Belgium,Europe,NA,NA,ecology,"paper in dutch, used google translate, probably should check the site location","Desender, K. (1981). Heremietkreeften en hun parasieten. De Strandvlo, 1, 60–64."
0,NA,47,0,NA,NA,47,Peltogastridae,Peltogaster,paguri,Anomura,Paguroidea,Paguridae,Pagurus,bernhardus,Koksijde,5,1981,NA,51.128251,2.647765,Koksijde,Belgium,Europe,NA,NA,ecology,,"Desender, K. (1981). Heremietkreeften en hun parasieten. De Strandvlo, 1, 60–64."
5.1,NA,39,2,NA,NA,37,Peltogastridae,Peltogaster,paguri,Anomura,Paguroidea,Paguridae,Pagurus,bernhardus,Koksijde,6,1981,NA,51.128251,2.647765,Koksijde,Belgium,Europe,NA,NA,ecology,,"Desender, K. (1981). Heremietkreeften en hun parasieten. De Strandvlo, 1, 60–64."
57,NA,7,4,NA,NA,3,Peltogastridae,Peltogaster,paguri,Anomura,Paguroidea,Paguridae,Pagurus,bernhardus,Koksijde,6,1981,NA,51.128251,2.647765,Koksijde,Belgium,Europe,NA,NA,ecology,,"Desender, K. (1981). Heremietkreeften en hun parasieten. De Strandvlo, 1, 60–64."
18,NA,832,150,NA,NA,682,Peltogastridae,Peltogaster,paguri,Anomura,Paguroidea,Paguridae,Pagurus,arcuatus,St. Chads,NA,1971,1971-1972,48.694784,-53.745263,Newfoundland and Labrador,Canada,North_America,NA,NA,ecology,"got # parasitized from percent, so could be slightly off","Squires, H. J., Ennis, G. P., & Dawe, G. (2001). On biology of two sympatric species of Hermit Crab (Crustacea, Decapoda, Paguridae) at St. Chads, Newfoundland. NAFO Scientific Council Studies, 34, 7–17."
0.2,NA,474,1,NA,NA,473,Peltogastridae,Peltogaster,paguri,Anomura,Paguroidea,Paguridae,Pagurus,acadianus,St. Chads,NA,1971,1971-1973,48.694784,-53.745263,Newfoundland and Labrador,Canada,North_America,NA,NA,ecology,,"Squires, H. J., Ennis, G. P., & Dawe, G. (2001). On biology of two sympatric species of Hermit Crab (Crustacea, Decapoda, Paguridae) at St. Chads, Newfoundland. NAFO Scientific Council Studies, 34, 7–17."
4.7,NA,297,14,1,NA,283,Peltogastridae,Peltogaster,paguri,Anomura,Paguroidea,Paguridae,Pagurus,maculosus,Sanriku,6,1995,NA,39.097321,141.86773,Iwate Prefecture,Japan,Asia,NA,NA,ecology,triple infection = 3,"Nagasawa, K., Lützen, J., & Kado, R. (1996). Parasitic Cirripedia (Rhizocephala) and Isopoda from Brachyuran and Anomuran Crabs of the Pacific Coast of Northern Honshu, Japan. Bulletin of the Biogeographical Society of Japan, 51(2), 1–6."
0,NA,87,0,NA,NA,87,Peltogastridae,Peltogaster,paguri,Anomura,Paguroidea,Paguridae,Pagurus,filholi,Sanriku,6,1995,NA,39.097321,141.86773,Iwate Prefecture,Japan,Asia,NA,NA,ecology,coordinates probably close but not exact,"Nagasawa, K., Lützen, J., & Kado, R. (1996). Parasitic Cirripedia (Rhizocephala) and Isopoda from Brachyuran and Anomuran Crabs of the Pacific Coast of Northern Honshu, Japan. Bulletin of the Biogeographical Society of Japan, 51(2), 1–6."
0,NA,3,0,NA,NA,3,Peltogastridae,Peltogaster,paguri,Anomura,Paguroidea,Paguridae,Pagurus,middendorffii,Sanriku,6,1995,NA,39.097321,141.86773,Iwate Prefecture,Japan,Asia,NA,NA,ecology,,"Nagasawa, K., Lützen, J., & Kado, R. (1996). Parasitic Cirripedia (Rhizocephala) and Isopoda from Brachyuran and Anomuran Crabs of the Pacific Coast of Northern Honshu, Japan. Bulletin of the Biogeographical Society of Japan, 51(2), 1–6."
0,0,11107,0,NA,0,11107,Peltogastridae,Peltogaster,paguri,Anomura,Paguroidea,Paguridae,Pagurus,minutus,Vostok Bay,NA,2014,2014-2015,42.880832,132.742867,NA,Russia,Asia,NA,NA,ecology,"coordinates are a guess, but probably close","Kornienko, E. S., Korn, O. M., & Selin, N. I. (2018). The Parasitic Fauna of Common Species of Hermit Crabs of Vostok Bay (Sea of Japan). Russian Journal of Marine Biology, 44(2), 94–99. https://doi.org/10.1134/S1063074018020062"
6.5,0,2706,176,,0,176,Peltogastridae,Peltogaster,paguri,Anomura,Paguroidea,Paguridae,Pagurus,brachiomastus,Vostok Bay,NA,2014,2014-2015,42.880832,132.742867,NA,Russia,Asia,NA,NA,ecology,,"Kornienko, E. S., Korn, O. M., & Selin, N. I. (2018). The Parasitic Fauna of Common Species of Hermit Crabs of Vostok Bay (Sea of Japan). Russian Journal of Marine Biology, 44(2), 94–99. https://doi.org/10.1134/S1063074018020063"
0,0,231,0,NA,0,231,Peltogastridae,Peltogaster,paguri,Anomura,Paguroidea,Paguridae,Pagurus,pectinatus,Vostok Bay,NA,2014,2014-2015,42.880832,132.742867,NA,Russia,Asia,NA,NA,ecology,,"Kornienko, E. S., Korn, O. M., & Selin, N. I. (2018). The Parasitic Fauna of Common Species of Hermit Crabs of Vostok Bay (Sea of Japan). Russian Journal of Marine Biology, 44(2), 94–99. https://doi.org/10.1134/S1063074018020064"
0.4,0,808,3,,0,805,Peltogastridae,Peltogaster,paguri,Anomura,Paguroidea,Paguridae,Pagurus,ochotensis,Vostok Bay,NA,2014,2014-2015,42.880832,132.742867,NA,Russia,Asia,NA,NA,ecology,,"Kornienko, E. S., Korn, O. M., & Selin, N. I. (2018). The Parasitic Fauna of Common Species of Hermit Crabs of Vostok Bay (Sea of Japan). Russian Journal of Marine Biology, 44(2), 94–99. https://doi.org/10.1134/S1063074018020065"
0,0,144,0,NA,0,144,Peltogastridae,Peltogaster,paguri,Anomura,Paguroidea,Paguridae,Pagurus,middendorffii,Vostok Bay,NA,2014,2014-2015,42.880832,132.742867,NA,Russia,Asia,NA,NA,ecology,,"Kornienko, E. S., Korn, O. M., & Selin, N. I. (2018). The Parasitic Fauna of Common Species of Hermit Crabs of Vostok Bay (Sea of Japan). Russian Journal of Marine Biology, 44(2), 94–99. https://doi.org/10.1134/S1063074018020066"
8.5,NA,199,17,0,NA,182,Peltogastridae,Peltogaster,paguri,Anomura,Paguroidea,Paguridae,Pagurus,exilis,estuary of Bahia Blanca ,"12, 3",2011,"2011, 2013",-38.786549,-62.303054,Beunos Aires,Argentina,South_America,NA,NA,ecology,"they think it is Peltogaster paguri but consider it unconfirmed, paper is in spanish, coordinates not exact","Dibo, M., & Tanzola, D. (2017). Parisites and epibonts of the hermit crab Pagurus exilis(Crustacea:Anomura) from the estuary of Bahía Blanca. Neotropical Helminthology, 11(1), 77–84."
NA,NA,NA,1,NA,NA,NA,Peltogastridae,Peltogaster,paguri,Anomura,Paguroidea,Paguridae,Pagurus,bernhardus,Bembridge,NA,1963,NA,50.690828,-1.075436,Isle of Wight,UK,Europe,NA,NA,taxonomy/ distribution?,"coordintates not exact, not sure how many specimens found","(Juniper 1963) in  Herbert, R. J. H., & Muxagata, E. (2009). Barnacles (Crustacea: Cirripeidia) of the Solent and Isle of Wight. Proceedings of The Isle of Wight Natural History & Archaeological Society. https://doi.org/10.1017/CBO9781107415324.004"
NA,NA,NA,2,1,NA,NA,Peltogastridae,Peltogaster,paguri,Anomura,Paguroidea,Paguridae,Pagurus,prideaux,Bay of Naples,NA,1876,NA,40.698542,14.150914,Naples,Italy,Europe,NA,NA,taxonomy,double infection also had P. curvatus,"Øksenbjerg, B. (2000). The Rhizocephala (Crustacea: Cirripedia) of the Mediterraean and Black seas: taxonomy, biogeography, and ecology. Israel Journal of Zoology, 46, 1–102."
NA,NA,NA,1,NA,NA,NA,Peltogastridae,Peltogaster,paguri,Anomura,Paguroidea,Paguridae,Pagurus,excavatus,NA,NA,1904,NA,NA,NA,NA,NA,NA,NA,NA,taxonomy,triple externa,"Øksenbjerg, B. (2000). The Rhizocephala (Crustacea: Cirripedia) of the Mediterraean and Black seas: taxonomy, biogeography, and ecology. Israel Journal of Zoology, 46, 1–102."
NA,NA,NA,87,25,NA,NA,Peltogastridae,Peltogaster,paguri,Anomura,Paguroidea,Paguridae,Anapagurus,laevis,Clyde sea,NA,1970,NA,55.633257,-4.778415,Scotland,UK,Europe,NA,NA,taxonomy,used pub date and lat longs a guess for this paper.      3 triple infections,"Nielsen, S. O. (1970). The effects of the rhizocephalan parasites peltogaster paguri rathke and gemmosaccus sulcatus (lilljeborg) on five species of paguridan hosts (crustacea decapoda). Sarsia, 42(1), 17–32. https://doi.org/10.1080/00364827.1970.10411160"
NA,NA,NA,50,NA,NA,NA,Peltogastridae,Peltogaster,paguri,Anomura,Paguroidea,Paguridae,Pagurus,bernhardus,Clyde sea,NA,1970,NA,55.633257,-4.778415,Scotland,UK,Europe,NA,NA,taxonomy,,"Nielsen, S. O. (1970). The effects of the rhizocephalan parasites peltogaster paguri rathke and gemmosaccus sulcatus (lilljeborg) on five species of paguridan hosts (crustacea decapoda). Sarsia, 42(1), 17–32. https://doi.org/10.1080/00364827.1970.10411161"
NA,NA,NA,5,NA,NA,NA,Peltogastridae,Peltogaster,paguri,Anomura,Paguroidea,Paguridae,Pagurus,bernhardus,Skagerrak,NA,1970,NA,58.543059,11.239991,Skagerrak,Norway,Europe,NA,NA,taxonomy,,"Nielsen, S. O. (1970). The effects of the rhizocephalan parasites peltogaster paguri rathke and gemmosaccus sulcatus (lilljeborg) on five species of paguridan hosts (crustacea decapoda). Sarsia, 42(1), 17–32. https://doi.org/10.1080/00364827.1970.10411162"
NA,NA,NA,4,NA,NA,NA,Peltogastridae,Peltogaster,paguri,Anomura,Paguroidea,Paguridae,Pagurus,bernhardus,Oresund,NA,1970,NA,55.766423,12.730704,Oresund,Sweden,Europe,NA,NA,taxonomy,,"Nielsen, S. O. (1970). The effects of the rhizocephalan parasites peltogaster paguri rathke and gemmosaccus sulcatus (lilljeborg) on five species of paguridan hosts (crustacea decapoda). Sarsia, 42(1), 17–32. https://doi.org/10.1080/00364827.1970.10411163"
NA,NA,NA,1,NA,NA,NA,Peltogastridae,Peltogaster,paguri,Anomura,Paguroidea,Paguridae,Pagurus,bernhardus,Espegrend,NA,1970,NA,60.269298,5.221351,NA,Norway,Europe,NA,NA,taxonomy,,"Nielsen, S. O. (1970). The effects of the rhizocephalan parasites peltogaster paguri rathke and gemmosaccus sulcatus (lilljeborg) on five species of paguridan hosts (crustacea decapoda). Sarsia, 42(1), 17–32. https://doi.org/10.1080/00364827.1970.10411164"
NA,NA,NA,4,NA,NA,NA,Peltogastridae,Peltogaster,paguri,Anomura,Paguroidea,Paguridae,Pagurus,prideaux,"might be citing another paper- watch for the other paper later, just occurrence, dont know how many",NA,1970,,55.633257,-4.778415,Scotland,UK,Europe,NA,NA,taxonomy,,"Nielsen, S. O. (1970). The effects of the rhizocephalan parasites peltogaster paguri rathke and gemmosaccus sulcatus (lilljeborg) on five species of paguridan hosts (crustacea decapoda). Sarsia, 42(1), 17–32. https://doi.org/10.1080/00364827.1970.10411165"
NA,NA,NA,2,NA,NA,NA,Peltogastridae,Peltogaster,paguri,Anomura,Paguroidea,Paguridae,Pagurus,prideaux,Espegrend,NA,1970,NA,60.269298,5.221351,Bergen,Norway,Europe,NA,NA,taxonomy,,"Nielsen, S. O. (1970). The effects of the rhizocephalan parasites peltogaster paguri rathke and gemmosaccus sulcatus (lilljeborg) on five species of paguridan hosts (crustacea decapoda). Sarsia, 42(1), 17–32. https://doi.org/10.1080/00364827.1970.10411166"
NA,NA,NA,2,NA,NA,NA,Peltogastridae,Peltogaster,paguri,Anomura,Paguroidea,Paguridae,Pagurus,pubescens,Smögen,NA,1970,NA,58.348952,11.199081,Smögen,Sweden,Europe,NA,NA,taxonomy,"on P. pubescens- not clear how many were found at each location, but total of 4. split it","Nielsen, S. O. (1970). The effects of the rhizocephalan parasites peltogaster paguri rathke and gemmosaccus sulcatus (lilljeborg) on five species of paguridan hosts (crustacea decapoda). Sarsia, 42(1), 17–32. https://doi.org/10.1080/00364827.1970.10411167"
NA,NA,NA,2,NA,NA,NA,Peltogastridae,Peltogaster,paguri,Anomura,Paguroidea,Paguridae,Pagurus,pubescens,Gullmaren mouth,NA,1970,NA,58.249207,11.335767,Gullmaren mouth,Sweden,Europe,NA,NA,taxonomy,,"Nielsen, S. O. (1970). The effects of the rhizocephalan parasites peltogaster paguri rathke and gemmosaccus sulcatus (lilljeborg) on five species of paguridan hosts (crustacea decapoda). Sarsia, 42(1), 17–32. https://doi.org/10.1080/00364827.1970.10411168"
NA,NA,NA,1,NA,NA,NA,Peltogastridae,Peltogaster,paguri,Anomura,Paguroidea,Paguridae,Pagurus,bernhardus,Teignmouth Bay,NA,1906,NA,50.545421,-3.493535,Devon,UK,Europe,NA,NA,taxonomy,"used pub date, lat long guess","Norman, A. M., & Scott, T. (1906). The Crustacea of Devon and Cornwall. Wesley, 226. https://doi.org/10.1038/075387a0"
NA,NA,NA,1,NA,NA,NA,Peltogastridae,Peltogaster,paguri,Anomura,Paguroidea,Paguridae,Pagurus,bernhardus,Hilbre Swash,NA,1885,NA,53.416667,-3.333333,England,UK,Europe,NA,NA,taxonomy ,lat long guess,"Marine Biological Station at Port Erin. (1903). Proceedings and Transactions of the Liverpool Biological Society., 17, 40–41. http://www.biodiversitylibrary.org/item/129204"
NA,NA,NA,1,NA,NA,NA,Peltogastridae,Peltogaster,paguri,Anomura,Paguroidea,Paguridae,Pagurus,bernhardus,Clyde sea ,NA,1886,NA,55.52664,-4.923062,Scotland,UK,Europe,NA,NA,taxonomy ,"lat long guess, dont know how many rhizos found ","Elliot, G. F. S., Laurie, M., Murdoch, J. B., & for the Advancement of Science., B. A. (1901). Fauna, flora & geology of the Clyde area,. http://www.biodiversitylibrary.org/bibliography/1392"
NA,NA,NA,1,NA,NA,NA,Peltogastridae,Peltogaster,paguri,Anomura,Paguroidea,Paguridae,Pagurus,bernhardus,Saunton Sands,NA,1906,NA,51.091503,-4.22667,Devon,UK,Europe,NA,NA,taxonomy,"dont know how many, used pub date","Page, W. (1906). A History of Devonshire. The Victoria History of the Counties of England, Devonshire, 1, 276. https://doi.org/10.5962/bhl.title.70357"
NA,NA,NA,1,NA,1,NA,Peltogastridae,Peltogaster,paguri,Anomura,Paguroidea,Paguridae,Pagurus,bernhardus,Bergen,NA,1859,NA,60.39378,5.308735,Bergen,Norway,Europe,NA,NA,taxonomy,"this is Lilljeborg's observation also has record of male lirio, but not sure if we should count those.  used pub date for the lilljeborg source cited. lat long guess","Sars, G. O. (1899). An account of the Crustacea of Norway, with short descriptions and figures of all the species. By G.O. Sars ... https://doi.org/10.5962/bhl.title.1164"
NA,NA,NA,1,NA,NA,NA,Peltogastridae,Peltogaster,paguri,Anomura,Paguroidea,Paguridae,Pagurus,bernhardus,"Firth of Forth, Joppa",NA,1881,NA,55.949162,-3.094708,Scotland,UK,Europe,NA,NA,taxonomy,"does not say how many, lat long not exact , used pub date","Leslie, G., & Herdman, W. H. (1881). The invertebrate fauna of the Firth of Forth."
NA,NA,NA,1,NA,NA,NA,Peltogastridae,Peltogaster,paguri,Anomura,Paguroidea,Paguridae,Pagurus,bernhardus,East of May Island,NA,1885,NA,56.187167,-2.528588,Scotland,UK,Europe,NA,NA,taxonomy,"does not say how many, lat long not exact used pub date","Scott, T. (1885). A revised list of the crustacea of the Firth of Forth. https://doi.org/10.5962/bhl.title.53620"
NA,NA,NA,1,NA,NA,NA,Peltogastridae,Peltogaster,paguri,Anomura,Paguroidea,Paguridae,Pagurus,NA,East Loch Tarbert,NA,1897,NA,55.865977,-5.409805,Scotland,UK,Europe,NA,NA,taxonomy,"does not say how many, lat long not exact used pub date","Scott, T. (1897). The marine fishes and invertebrates of Loch Fyne. Fifteenth Annual Report of the Fisheries Board for Scotland, 156. https://doi.org/10.5962/bhl.title.53611"
NA,NA,NA,1,NA,NA,NA,Peltogastridae,Peltogaster,paguri,Anomura,Paguroidea,Paguridae,Pagurus,bernhardus,station 9,NA,1898,NA,56.131415,-2.468179,Scotland,UK,Europe,NA,NA,taxonomy,"does not say how many, lat long not exact ","Pearcy, F. G. (1903). Notes on the marine deposits of the Firth of Forth and their relation to its animal life. Transactions of the Natural History Society of Glasgow, 6, 217–251. http://www.biodiversitylibrary.org/item/44889"
NA,NA,NA,1,NA,NA,NA,Peltogastridae,Peltogaster,paguri,Anomura,Paguroidea,Paguridae,Pagurus,samuelis,Sunset Bay,NA,1994,NA,43.333307,-124.373456,Oregon,USA,North_America,NA,NA,physiology,"not sure how many they found, has a note that prevalence varied seasonally and could be as high as 20%, used pub date","Torchin, M. E. (1994). The effects of parasitism on the hermocyanin of an intertidal hermit crab. University of Oregon."
NA,NA,NA,1,NA,NA,NA,Peltogastridae,Peltogaster,paguri,Anomura,Paguroidea,Paguridae,Pagurus,samuelis,Cape Arago,NA,1994,NA,43.30686,-124.402353,Oregon,USA,North_America,NA,NA,physiology,"not sure how many they found, has a note that prevalence varied seasonally and could be as high as 20% used pub date","Torchin, M. E. (1994). The effects of parasitism on the hermocyanin of an intertidal hermit crab. University of Oregon."
NA,NA,NA,1,NA,NA,NA,Peltogastridae,Peltogaster,paguri,Anomura,Paguroidea,Paguridae,Pagurus,bernhardus,South Coast of Devon,NA,1883,1883-1884( fall to beginning of winter),50.606812,-3.357863,Devon,UK,Europe,NA,NA,taxonomy,"lat long guess, not sure how many found. ","D’Urban, W. S. M. (1884). Crustacea on the South Coast of Devon. The Zoologist : A Monthly Journal of Natural History, ser.3 8(85), 150-152"
NA,NA,NA,1,NA,NA,NA,Peltogastridae,Peltogaster,paguri,NA,NA,NA,NA,NA,Bohuslän,NA,1859,NA,58.319717,11.394636,Bohuslän,Sweden,Europe,NA,NA,taxonomy,"lat long guess, not sure how many found. ","Lilljeborg, W. (1861). Supplementary Memoir on the Genera Liriope and Peltogaster, Rathke. The Annals and Magazine of Natural History; Zoology, Botany, and Geology, ser.3 7(37), 47–56. https://doi.org/10.1038/001189d0"
NA,NA,NA,1,NA,NA,NA,Peltogastridae,Peltogaster,paguri,Anomura,Paguroidea,Paguridae,Pagurus,bernhardus,Off Sunderland,NA,1864,NA,54.916913,-1.240334,Sunderland,UK,Europe,NA,NA,taxonomy,"lat long guess not sure how many, used pub date, this might already have been reported","Norman, A. M. (1864). Report on the Crustacea. Transactions of the Tyneside Naturalists’ Field Club., 6, 183–187. http://www.biodiversitylibrary.org/item/40570"
NA,NA,NA,1,NA,NA,NA,Peltogastridae,Peltogaster,paguri,Anomura,Paguroidea,Paguridae,Pagurus,bernhardus,St. Andrews,NA,1874,NA,56.344539,-2.790215,Scotland,UK,Europe,NA,NA,taxonomy,"reported that it occurs here.  lat long approximate, pub date","M’Inctosh, W. M. (1874).  Dr. W.C. M'Intosh on the Crustacea of St. Andrews. Annals and Magazine of Natural History; Zoology, Botany, and Geology, ser. 4 14(83), 337–348. https://doi.org/10.1038/001189d0"
NA,NA,NA,1,NA,NA,NA,Peltogastridae,Peltogaster,paguri,NA,NA,NA,NA,NA,Off Durham,NA,1863,NA,54.805605,-1.256716,Durham,UK,Europe,NA,NA,taxonomy,"dont know many, used pub date, lat long guess","Norman, A. M. (1867). Rev. A.M. Norman on the Crustacea. Transactions of the Natural History Society of Northumberland and Durham, 1, 12–29."
NA,NA,NA,1,NA,NA,NA,Peltogastridae,Peltogaster,paguri,Anomura,Paguroidea,Paguridae,Pagurus,bernhardus,Firth of Forth,NA,1855,NA,56.01569,-3.357225,Scotland,UK,Europe,NA,NA,taxonomy,"lat long guess, might have been used before ","Anderson, J. (1858). On the Genus Peltogaster(Rathke); an animal form parasitic on the abdomen of crabs. Proceedings of the Royal Physical Society of Edinburgh, 1, 412–414."
NA,NA,NA,1,NA,NA,NA,Peltogastridae,Peltogaster,paguri,NA,NA,NA,NA,NA,Heligoland,NA,1846,NA,54.181868,7.879956,Heligoland,Germany,Europe,NA,NA,taxonomy,"lat long guess, doesnt say how many they found","Leuckart. (1869). Observations on the genus Sacculina, Thompson (Pachybdella, Diesing; Peltogaster, Rathke). The Annals and Magazine of Natural History; Zoology, Botany, and Geology, ser. 3 4(24), 422–429. https://doi.org/10.1038/001189d0"
NA,NA,NA,0,NA,NA,NA,Peltogastridae,Peltogaster,paguri,Anomura,Paguroidea,Paguridae,Pagurus,NA,Firth of Forth ,NA,1861,NA,56.08197,-2.973264,Scotland,UK,Europe,NA,NA,taxonomy,"lat long guess, used listed date for the session, said they looked at many pagurus","Logan, G. (1863). Report of the Committee on Marine Zoology; with a Notice of the Sprat Fishing in the Firth of Forth. Proceedings of the Royal Physical Society of Edinburgh, 2, 240–243."
NA,NA,NA,1,NA,NA,NA,Peltogastridae,Peltogaster,paguri,NA,NA,NA,NA,NA,St. Andrews,6,2016,NA,56.33618,-2.77715,Scotland,UK,Europe,NA,NA,GBIF,"lat longs have 100 meter uncertainity, recorded as present, not # of individuals",GBIF.org (17 June 2020) GBIF Occurrence Download https://doi.org/10.15468/dl.5btacz
NA,NA,NA,1,NA,NA,NA,Peltogastridae,Peltogaster,paguri,NA,NA,NA,NA,NA,KBN02,10,2014,NA,51.331,2.681,NA,Belgium,Europe,NA,NA,GBIF,"present, not indiv #s",GBIF.org (17 June 2020) GBIF Occurrence Download https://doi.org/10.15468/dl.5btacz
NA,NA,NA,1,NA,NA,NA,Peltogastridae,Peltogaster,paguri,NA,NA,NA,NA,NA,North sea,7,2013,NA,55.459,5.245,NA,Denmark,Europe,NA,NA,GBIF,"present, not indiv #s",GBIF.org (17 June 2020) GBIF Occurrence Download https://doi.org/10.15468/dl.5btacz
NA,NA,NA,1,NA,NA,NA,Peltogastridae,Peltogaster,paguri,NA,NA,NA,NA,NA,North sea,8,2013,NA,60.37,2.478,NA,Norway,Europe,NA,NA,GBIF,,GBIF.org (17 June 2020) GBIF Occurrence Download https://doi.org/10.15468/dl.5btacz
NA,NA,NA,1,NA,NA,NA,Peltogastridae,Peltogaster,paguri,NA,NA,NA,NA,NA,NA,8,2012,NA,58.744,2.564,NA,Norway,Europe,NA,NA,GBIF,,GBIF.org (17 June 2020) GBIF Occurrence Download https://doi.org/10.15468/dl.5btacz
NA,NA,NA,1,NA,NA,NA,Peltogastridae,Peltogaster,paguri,NA,NA,NA,NA,NA,Morgat,3,2010,NA,48.227223,-4.497777,NA,France,Europe,NA,NA,GBIF,,GBIF.org (17 June 2020) GBIF Occurrence Download https://doi.org/10.15468/dl.5btacz
NA,NA,NA,1,NA,NA,NA,Peltogastridae,Peltogaster,paguri,NA,NA,NA,NA,NA,LNP.09,10,2009,NA,51.2414,2.7219,NA,Belgium,Europe,NA,NA,GBIF,"present, not indiv #s",GBIF.org (17 June 2020) GBIF Occurrence Download https://doi.org/10.15468/dl.5btacz
NA,NA,NA,2,NA,NA,NA,Peltogastridae,Peltogaster,paguri,NA,NA,NA,NA,NA,1-TD.04,7,2005,NA,52.94655,-5.89449,NA,Ireland,Europe,NA,NA,GBIF,,GBIF.org (17 June 2020) GBIF Occurrence Download https://doi.org/10.15468/dl.5btacz
NA,NA,NA,1,NA,NA,NA,Peltogastridae,Peltogaster,paguri,NA,NA,NA,NA,NA,Heda,11,2003,NA,34.970831,138.762045,Shizuoka ,Japan,Asia,NA,NA,GBIF,lat long guess,GBIF.org (17 June 2020) GBIF Occurrence Download https://doi.org/10.15468/dl.5btacz
NA,NA,NA,1,NA,NA,NA,Peltogastridae,Peltogaster,paguri,NA,NA,NA,NA,NA,Misaki,5,2002,NA,35.140123,139.613323,Kanagawa,Japan,Asia,NA,NA,GBIF,lat long guess,GBIF.org (17 June 2020) GBIF Occurrence Download https://doi.org/10.15468/dl.5btacz
NA,NA,NA,1,NA,NA,NA,Peltogastridae,Peltogaster,paguri,NA,NA,NA,NA,NA,Misaki,6,2001,NA,35.140123,139.613323,Kanagawa,Japan,Asia,NA,NA,GBIF,lat long guess,GBIF.org (17 June 2020) GBIF Occurrence Download https://doi.org/10.15468/dl.5btacz
NA,NA,NA,1,NA,NA,NA,Peltogastridae,Peltogaster,paguri,NA,NA,NA,NA,NA,Amatsukominato,8,2001,NA,35.119643,140.157615,Chiba,Japan,Asia,NA,NA,GBIF,lat long guess,GBIF.org (17 June 2020) GBIF Occurrence Download https://doi.org/10.15468/dl.5btacz
NA,NA,NA,1,NA,NA,NA,Peltogastridae,Peltogaster,paguri,NA,NA,NA,NA,NA,Amakusa,12,2000,NA,32.246512,129.972367,Kumamoto,Japan,Asia,NA,NA,GBIF,lat long guess,GBIF.org (17 June 2020) GBIF Occurrence Download https://doi.org/10.15468/dl.5btacz
NA,NA,NA,1,NA,NA,NA,Peltogastridae,Peltogaster,paguri,NA,NA,NA,NA,NA,Sanriku,7,1996,NA,39.972204,141.953746,Iwate Prefecture,Japan,Asia,NA,NA,GBIF,"lat long guess, ",GBIF.org (17 June 2020) GBIF Occurrence Download https://doi.org/10.15468/dl.5btacz
NA,NA,NA,1,NA,NA,NA,Peltogastridae,Peltogaster,paguri,Anomura,Paguroidea,Paguridae,Pagurus,bernardus,Rotterdam,11,1993,NA,51.98,4.13,NA,Netherlands,Europe,NA,NA,GBIF,,GBIF.org (17 June 2020) GBIF Occurrence Download https://doi.org/10.15468/dl.5btacz
NA,NA,NA,1,NA,NA,NA,Peltogastridae,Peltogaster,paguri,NA,NA,NA,NA,NA,Hallangstangen,6,1993,NA,59.681495,10.616962,Akershus,Norway,Europe,NA,NA,GBIF,,GBIF.org (17 June 2020) GBIF Occurrence Download https://doi.org/10.15468/dl.5btacz
NA,NA,NA,1,NA,NA,NA,Peltogastridae,Peltogaster,paguri,NA,NA,NA,NA,NA,Aber to Gorad y Gyt (Menai Strait),6,1992,NA,53.23736,-4.12239,Wales,UK,Europe,NA,NA,GBIF,"present, not indiv #s",GBIF.org (17 June 2020) GBIF Occurrence Download https://doi.org/10.15468/dl.5btacz
NA,NA,NA,1,NA,NA,NA,Peltogastridae,Peltogaster,paguri,NA,NA,NA,NA,NA,Church Island to Pwll Fanogl (Menai Strait),6,1992,NA,53.22299,-4.17112,Wales,UK,Europe,NA,NA,GBIF,"present, not indiv #s",GBIF.org (17 June 2020) GBIF Occurrence Download https://doi.org/10.15468/dl.5btacz
NA,NA,NA,1,NA,NA,NA,Peltogastridae,Peltogaster,paguri,NA,NA,NA,NA,NA,North sea,7,1989,NA,55.27328,-1.340022,England,UK,Europe,NA,NA,GBIF,"present, not indiv #s",GBIF.org (17 June 2020) GBIF Occurrence Download https://doi.org/10.15468/dl.5btacz
NA,NA,NA,1,NA,NA,NA,Peltogastridae,Peltogaster,paguri,NA,NA,NA,NA,NA,Puzzlehole ,5,1981,NA,54.433333,4.416667,England,UK,Europe,NA,NA,GBIF,,GBIF.org (17 June 2020) GBIF Occurrence Download https://doi.org/10.15468/dl.5btacz
NA,NA,NA,1,NA,NA,NA,Peltogastridae,Peltogaster,paguri,NA,NA,NA,NA,NA,North sea,8,1980,NA,52.633333,5.35,NA,Netherlands,Europe,NA,NA,GBIF,,GBIF.org (17 June 2020) GBIF Occurrence Download https://doi.org/10.15468/dl.5btacz
NA,NA,NA,1,NA,NA,NA,Peltogastridae,Peltogaster,paguri,NA,NA,NA,NA,NA,st. 78.03,8,1978,NA,69.616667,18.916667,NA,Norway,Europe,NA,NA,GBIF,,GBIF.org (17 June 2020) GBIF Occurrence Download https://doi.org/10.15468/dl.5btacz
NA,NA,NA,1,NA,NA,NA,Peltogastridae,Peltogaster,paguri,NA,NA,NA,NA,NA,North sea,2,1976,NA,56.510671,3.515545,NA,Netherlands,Europe,NA,NA,GBIF,"no lat long, just says north sea so lat long guess, used country that runs database",GBIF.org (17 June 2020) GBIF Occurrence Download https://doi.org/10.15468/dl.5btacz
NA,NA,NA,1,NA,NA,NA,Peltogastridae,Peltogaster,paguri,NA,NA,NA,NA,NA,Traeth Bychan,8,1974,NA,53.339552,-4.230409,Wales,UK,Europe,NA,NA,GBIF,lat longs close,GBIF.org (17 June 2020) GBIF Occurrence Download https://doi.org/10.15468/dl.5btacz
NA,NA,NA,1,NA,NA,NA,Peltogastridae,Peltogaster,paguri,NA,NA,NA,NA,NA,North sea,8,1971,NA,53.183333,4.25,NA,Netherlands,Europe,NA,NA,GBIF,,GBIF.org (17 June 2020) GBIF Occurrence Download https://doi.org/10.15468/dl.5btacz
NA,NA,NA,1,NA,NA,NA,Peltogastridae,Peltogaster,paguri,NA,NA,NA,NA,NA,Stångehuvuds,6,1971,NA,58.266667,11.416667,NA,Sweden,Europe,NA,NA,GBIF,,GBIF.org (17 June 2020) GBIF Occurrence Download https://doi.org/10.15468/dl.5btacz
NA,NA,NA,1,NA,NA,NA,Peltogastridae,Peltogaster,paguri,NA,NA,NA,NA,NA,off Whitby,11,1971,NA,54.519151,-0.590839,England,UK,Europe,NA,NA,GBIF,"original source says indiv count=0, but think this is because museum doesn't have specimen, just has a record, lat long guess",GBIF.org (17 June 2020) GBIF Occurrence Download https://doi.org/10.15468/dl.5btacz
NA,NA,NA,1,NA,NA,NA,Peltogastridae,Peltogaster,paguri,NA,NA,NA,NA,NA,Gåsö,8,1967,NA,58.233333,11.416667,NA,Sweden,Europe,NA,NA,GBIF,,GBIF.org (17 June 2020) GBIF Occurrence Download https://doi.org/10.15468/dl.5btacz
NA,NA,NA,1,NA,NA,NA,Peltogastridae,Peltogaster,paguri,NA,NA,NA,NA,NA,"Aber, St. Efflan en Penpoull",5,1965,NA,48.66927,-3.604772,NA,France,Europe,NA,NA,GBIF,"lat long guess, somewhere on the peninsula",GBIF.org (17 June 2020) GBIF Occurrence Download https://doi.org/10.15468/dl.5btacz
NA,NA,NA,2,NA,NA,NA,Peltogastridae,Peltogaster,paguri,NA,NA,NA,NA,NA,Penpoull,1,1965,NA,47.571844,-3.01073,NA,France,Europe,NA,NA,GBIF,"lat long guess, somewhere on the peninsula",GBIF.org (17 June 2020) GBIF Occurrence Download https://doi.org/10.15468/dl.5btacz
NA,NA,NA,2,NA,NA,NA,Peltogastridae,Peltogaster,paguri,Anomura,Paguroidea,Diogenidae,Diogenes,pugilator ,St. Efflan,6,1965,NA,48.669854,-3.593134,NA,France,Europe,NA,NA,GBIF,lat long guess,GBIF.org (17 June 2020) GBIF Occurrence Download https://doi.org/10.15468/dl.5btacz
NA,NA,NA,3,NA,NA,NA,Peltogastridae,Peltogaster,paguri,NA,NA,NA,NA,NA,St. Efflan,1,1965,NA,48.669854,-3.593134,NA,France,Europe,NA,NA,GBIF,lat long guess,GBIF.org (17 June 2020) GBIF Occurrence Download https://doi.org/10.15468/dl.5btacz
NA,NA,NA,1,NA,NA,NA,Peltogastridae,Peltogaster,paguri,NA,NA,NA,NA,NA,Gann Flat,6,1960,NA,51.71491,-5.16803,Wales,UK,Europe,NA,NA,GBIF,"present, not indiv #s",GBIF.org (17 June 2020) GBIF Occurrence Download https://doi.org/10.15468/dl.5btacz
NA,NA,NA,1,NA,NA,NA,Peltogastridae,Peltogaster,paguri,NA,NA,NA,NA,NA,Dale Roads,6,1960,NA,51.71323,-5.16357,Wales,UK,Europe,NA,NA,GBIF,"present, not indiv #s",GBIF.org (17 June 2020) GBIF Occurrence Download https://doi.org/10.15468/dl.5btacz
NA,NA,NA,1,NA,NA,NA,Peltogastridae,Peltogaster,paguri,NA,NA,NA,NA,NA,Slip Pier Beach,6,1960,NA,51.70453,-5.15283,Wales,UK,Europe,NA,NA,GBIF,"present, not indiv #s",GBIF.org (17 June 2020) GBIF Occurrence Download https://doi.org/10.15468/dl.5btacz
NA,NA,NA,1,NA,NA,NA,Peltogastridae,Peltogaster,paguri,NA,NA,NA,NA,NA,Kitterland,11,1952,NA,54.15463,-4.88589,NA,Isle of Man,Europe,NA,NA,GBIF,,GBIF.org (17 June 2020) GBIF Occurrence Download https://doi.org/10.15468/dl.5btacz
NA,NA,NA,3,NA,NA,NA,Peltogastridae,Peltogaster,paguri,NA,NA,NA,NA,NA,Kitterland,6,1952,NA,54.16162,-4.89404,NA,Isle of Man,Europe,NA,NA,GBIF,,GBIF.org (17 June 2020) GBIF Occurrence Download https://doi.org/10.15468/dl.5btacz
NA,NA,NA,11,NA,NA,NA,Peltogastridae,Peltogaster,paguri,NA,NA,NA,NA,NA,Bradda Head,4,1950,NA,54.14944,-4.91463,NA,Isle of Man,Europe,NA,NA,GBIF,,GBIF.org (17 June 2020) GBIF Occurrence Download https://doi.org/10.15468/dl.5btacz
NA,NA,NA,1,NA,NA,NA,Peltogastridae,Peltogaster,paguri,Anomura,Paguroidea,Paguridae,Pagurus,pubescens,"Labrador, Off Coast",7,1950,NA,54.0217,-58.695,Newfoundland and Labrador,Canada,North_America,NA,NA,GBIF,used orig source for host,GBIF.org (17 June 2020) GBIF Occurrence Download https://doi.org/10.15468/dl.5btacz
NA,NA,NA,1,NA,NA,NA,Peltogastridae,Peltogaster,paguri,Anomura,Paguroidea,Paguridae,Pagurus,hirsutiusculus,Fishermen's Bay,7,1950,NA,48.510297,-122.914161,Washington,USA,North_America,NA,NA,GBIF,lat long not exact. og source for host,GBIF.org (17 June 2020) GBIF Occurrence Download https://doi.org/10.15468/dl.5btacz
NA,NA,NA,1,NA,NA,NA,Peltogastridae,Peltogaster,paguri,Anomura,Paguroidea,Paguridae,Pagurus,pubescens,Seven Islands Bay,8,1950,NA,59.39,-64.0533,Newfoundland and Labrador,Canada,North_America,NA,NA,GBIF,used orig source for host,GBIF.org (17 June 2020) GBIF Occurrence Download https://doi.org/10.15468/dl.5btacz
NA,NA,NA,3,NA,NA,NA,Peltogastridae,Peltogaster,paguri,Anomura,Paguroidea,Paguridae,Pagurus,pubescens,"Labrador, Off Coast",8,1950,NA,59.4,-63.85,Newfoundland and Labrador,,North_America,NA,NA,GBIF,used orig source for host,GBIF.org (17 June 2020) GBIF Occurrence Download https://doi.org/10.15468/dl.5btacz
NA,NA,NA,3,NA,NA,NA,Peltogastridae,Peltogaster,paguri,Anomura,Paguroidea,Paguridae,Pagurus,pubescens,Kongulaksiarvik,8,1950,NA,59.4,-64.02,Newfoundland and Labrador,,North_America,NA,NA,GBIF,used orig source for host,GBIF.org (17 June 2020) GBIF Occurrence Download https://doi.org/10.15468/dl.5btacz
NA,NA,NA,1,NA,NA,NA,Peltogastridae,Peltogaster,paguri,NA,NA,NA,NA,NA,Scheveningen,11,1949,NA,52.112635,4.275621,NA,Netherlands,Europe,NA,NA,GBIF,"lat long should be close, but guess",GBIF.org (17 June 2020) GBIF Occurrence Download https://doi.org/10.15468/dl.5btacz
NA,NA,NA,1,NA,NA,NA,Peltogastridae,Peltogaster,paguri,NA,NA,NA,NA,NA,"Cross Houses, Millport, Firth of Clyde",6,1949,NA,55.752136,-4.927219,Scotland,UK,Europe,NA,NA,GBIF,lat long guess,GBIF.org (17 June 2020) GBIF Occurrence Download https://doi.org/10.15468/dl.5btacz
NA,NA,NA,1,NA,NA,NA,Peltogastridae,Peltogaster,paguri,NA,NA,NA,NA,NA,"Katwijk, paal 86",10,1949,NA,52.200823,4.387546,NA,Netherlands,Europe,NA,NA,GBIF,lat long guess,GBIF.org (17 June 2020) GBIF Occurrence Download https://doi.org/10.15468/dl.5btacz
NA,NA,NA,1,NA,NA,NA,Peltogastridae,Peltogaster,paguri,NA,NA,NA,NA,NA,"Scheveningen, paal 99",11,1949,NA,52.112635,4.275621,NA,Netherlands,Europe,NA,NA,GBIF,"lat long should be close, but guess",GBIF.org (17 June 2020) GBIF Occurrence Download https://doi.org/10.15468/dl.5btacz
NA,NA,NA,1,NA,NA,NA,Peltogastridae,Peltogaster,paguri,NA,NA,NA,NA,NA,Yorkshire,5,1949,NA,54.203849,-0.160697,NA,UK,Europe,NA,NA,GBIF,lat long guess,GBIF.org (17 June 2020) GBIF Occurrence Download https://doi.org/10.15468/dl.5btacz
NA,NA,NA,1,NA,NA,NA,Peltogastridae,Peltogaster,paguri,NA,NA,NA,NA,NA,Jersey,8,1949,NA,49.253706,-2.133759,NA,Jersey,Europe,NA,NA,GBIF,lat long guess ,GBIF.org (17 June 2020) GBIF Occurrence Download https://doi.org/10.15468/dl.5btacz
NA,NA,NA,1,NA,NA,NA,Peltogastridae,Peltogaster,paguri,NA,NA,NA,NA,NA,"Cross House, Millport, Cumbrae",12,1949,NA,55.752136,-4.927219,Scotland,UK,Europe,NA,NA,GBIF,lat long guess ,GBIF.org (17 June 2020) GBIF Occurrence Download https://doi.org/10.15468/dl.5btacz
NA,NA,NA,1,NA,NA,NA,Peltogastridae,Peltogaster,paguri,NA,NA,NA,NA,NA,"Cross House, Millport, Cumbrae",6,1949,NA,55.752136,-4.927219,Scotland,UK,Europe,NA,NA,GBIF,lat long guess ,GBIF.org (17 June 2020) GBIF Occurrence Download https://doi.org/10.15468/dl.5btacz
NA,NA,NA,1,NA,NA,NA,Peltogastridae,Peltogaster,paguri,NA,NA,NA,NA,NA,Yorkshire,5,1949,NA,54.203849,-0.160697,NA,UK,Europe,NA,NA,GBIF,lat long guess,GBIF.org (17 June 2020) GBIF Occurrence Download https://doi.org/10.15468/dl.5btacz
NA,NA,NA,1,NA,NA,NA,Peltogastridae,Peltogaster,paguri,NA,NA,NA,NA,NA,Kattegatt off Falkenberg,6,1948,NA,56.846054,12.213912,NA,UK,Europe,NA,NA,GBIF,lat long guess,GBIF.org (17 June 2020) GBIF Occurrence Download https://doi.org/10.15468/dl.5btacz
NA,NA,NA,1,NA,NA,NA,Peltogastridae,Peltogaster,paguri,NA,NA,NA,NA,NA,"√ñresund, Svinb√•dan E",6,1948,NA,56.148785,12.499002,NA,UK,Europe,NA,NA,GBIF,lat long guess,GBIF.org (17 June 2020) GBIF Occurrence Download https://doi.org/10.15468/dl.5btacz
NA,NA,NA,1,NA,NA,NA,Peltogastridae,Peltogaster,paguri,NA,NA,NA,NA,NA,Anglesey,4,1938,NA,53.33356,-4.17223,NA,UK,Europe,NA,NA,GBIF,present not indiv #s,GBIF.org (17 June 2020) GBIF Occurrence Download https://doi.org/10.15468/dl.5btacz
NA,NA,NA,1,NA,NA,NA,Peltogastridae,Peltogaster,paguri,NA,NA,NA,NA,NA,Anglesey,6,1938,NA,53.33356,-4.17223,NA,UK,Europe,NA,NA,GBIF,present not indiv #s,GBIF.org (17 June 2020) GBIF Occurrence Download https://doi.org/10.15468/dl.5btacz
NA,NA,NA,1,NA,NA,NA,Peltogastridae,Peltogaster,paguri,NA,NA,NA,NA,NA,West Den Helder,1,1935,NA,52.963204,4.735406,NA,Netherlands,Europe,NA,NA,GBIF,lat long guess,GBIF.org (17 June 2020) GBIF Occurrence Download https://doi.org/10.15468/dl.5btacz
NA,NA,NA,1,NA,NA,NA,Peltogastridae,Peltogaster,paguri,NA,NA,NA,NA,NA,Naples ,NA,1930,NA,40.831819,14.235735,NA,Italy,Europe,NA,NA,GBIF,lat long guess,GBIF.org (17 June 2020) GBIF Occurrence Download https://doi.org/10.15468/dl.5btacz
NA,NA,NA,1,NA,NA,NA,Peltogastridae,Peltogaster,paguri,NA,NA,NA,NA,NA,St Jacut de la Mer,9,1922,NA,48.598845,-2.195552,Brittany,France,Europe,NA,NA,GBIF,lat long guess,GBIF.org (17 June 2020) GBIF Occurrence Download https://doi.org/10.15468/dl.5btacz
NA,NA,NA,1,NA,NA,NA,Peltogastridae,Peltogaster,paguri,NA,NA,NA,NA,NA,Gullmaren,NA,1921,NA,58.343469,11.566176,NA,Sweden,Europe,NA,NA,GBIF,lat long guess,GBIF.org (17 June 2020) GBIF Occurrence Download https://doi.org/10.15468/dl.5btacz
NA,NA,NA,1,NA,NA,NA,Peltogastridae,Peltogaster,paguri,NA,NA,NA,NA,NA,Oresund ,10,1913,NA,55.771032,12.746697,Skane,Sweden,Europe,NA,NA,GBIF,lat long guess,GBIF.org (17 June 2020) GBIF Occurrence Download https://doi.org/10.15468/dl.5btacz
NA,NA,NA,1,NA,NA,NA,Peltogastridae,Peltogaster,paguri,Anomura,Paguroidea,Paguridae,Pagurus,cuanensis,Belgium,7,1912,NA,51.256473,2.935267,NA,Belgium,Europe,NA,NA,GBIF,"lat long guess, only country given",GBIF.org (17 June 2020) GBIF Occurrence Download https://doi.org/10.15468/dl.5btacz
NA,NA,NA,1,NA,NA,NA,Peltogastridae,Peltogaster,paguri,Anomura,Paguroidea,Paguridae,Pagurus,bernardus,Belgium,6,1908,NA,51.256473,2.935267,NA,Belgium,Europe,NA,NA,GBIF,"lat long guess, only country given",GBIF.org (17 June 2020) GBIF Occurrence Download https://doi.org/10.15468/dl.5btacz
NA,NA,NA,1,NA,NA,NA,Peltogastridae,Peltogaster,paguri,Anomura,Paguroidea,Paguridae,Pagurus,bernardus,Belgium,8,1907,NA,51.256473,2.935267,NA,Belgium,Europe,NA,NA,GBIF,"lat long guess, only country given",GBIF.org (17 June 2020) GBIF Occurrence Download https://doi.org/10.15468/dl.5btacz
NA,NA,NA,1,NA,NA,NA,Peltogastridae,Peltogaster,paguri,Anomura,Paguroidea,Paguridae,Pagurus,bernardus,Belgium,8,1907,NA,51.256473,2.935267,NA,Belgium,Europe,NA,NA,GBIF,"lat long guess, only country given",GBIF.org (17 June 2020) GBIF Occurrence Download https://doi.org/10.15468/dl.5btacz
NA,NA,NA,1,NA,NA,NA,Peltogastridae,Peltogaster,paguri,Anomura,Paguroidea,Paguridae,Pagurus,bernardus,Belgium,9,1907,NA,51.256473,2.935267,NA,Belgium,Europe,NA,NA,GBIF,"lat long guess, only country given",GBIF.org (17 June 2020) GBIF Occurrence Download https://doi.org/10.15468/dl.5btacz
NA,NA,NA,1,NA,NA,NA,Peltogastridae,Peltogaster,paguri,Anomura,Paguroidea,Paguridae,Pagurus,bernardus,Belgium,9,1907,NA,51.256473,2.935267,NA,Belgium,Europe,NA,NA,GBIF,"lat long guess, only country given",GBIF.org (17 June 2020) GBIF Occurrence Download https://doi.org/10.15468/dl.5btacz
NA,NA,NA,1,NA,NA,NA,Peltogastridae,Peltogaster,paguri,NA,NA,NA,NA,NA,Belgium,6,1907,NA,51.256473,2.935267,NA,Belgium,Europe,NA,NA,GBIF,"lat long guess, only country given",GBIF.org (17 June 2020) GBIF Occurrence Download https://doi.org/10.15468/dl.5btacz
NA,NA,NA,1,NA,NA,NA,Peltogastridae,Peltogaster,paguri,Anomura,Paguroidea,Paguridae,Pagurus,bernardus,Belgium,7,1907,NA,51.256473,2.935267,NA,Belgium,Europe,NA,NA,GBIF,"lat long guess, only country given",GBIF.org (17 June 2020) GBIF Occurrence Download https://doi.org/10.15468/dl.5btacz
NA,NA,NA,1,NA,NA,NA,Peltogastridae,Peltogaster,paguri,NA,NA,NA,NA,NA,Belgium,7,1906,NA,51.256473,2.935267,NA,Belgium,Europe,NA,NA,GBIF,"lat long guess, only country given",GBIF.org (17 June 2020) GBIF Occurrence Download https://doi.org/10.15468/dl.5btacz
NA,NA,NA,1,NA,NA,NA,Peltogastridae,Peltogaster,paguri,Anomura,Paguroidea,Paguridae,Pagurus,bernhardus,Belgium,5,1905,NA,51.256473,2.935267,NA,Belgium,Europe,NA,NA,GBIF,"lat long guess, only country given",GBIF.org (17 June 2020) GBIF Occurrence Download https://doi.org/10.15468/dl.5btacz
NA,NA,NA,1,NA,NA,NA,Peltogastridae,Peltogaster,paguri,Anomura,Paguroidea,Paguridae,Pagurus,cuanensis,Belgium,6,1905,NA,51.256473,2.935267,NA,Belgium,Europe,NA,NA,GBIF,"lat long guess, only country given",GBIF.org (17 June 2020) GBIF Occurrence Download https://doi.org/10.15468/dl.5btacz
NA,NA,NA,2,NA,NA,NA,Peltogastridae,Peltogaster,paguri,Anomura,Paguroidea,Paguridae,Pagurus,bernhardus,Belgium,5,1903,NA,51.256473,2.935267,NA,Belgium,Europe,NA,NA,GBIF,"lat long guess, only country given",GBIF.org (17 June 2020) GBIF Occurrence Download https://doi.org/10.15468/dl.5btacz
NA,NA,NA,1,NA,NA,NA,Peltogastridae,Peltogaster,paguri,Anomura,Paguroidea,Paguridae,Pagurus,hirsutiusculus,"Virgin Bay, Prince William Sound",,1899,NA,60.891833,-146.702279,Alaska,USA,North_America,NA,NA,GBIF,"lat long guess, used og source for host",GBIF.org (17 June 2020) GBIF Occurrence Download https://doi.org/10.15468/dl.5btacz
NA,NA,NA,1,NA,NA,NA,Peltogastridae,Peltogaster,paguri,Anomura,Paguroidea,Paguridae,Pagurus,kennerlyi,Juneau,6,1899,NA,58.351336,-134.616507,Alaska,USA,North_America,NA,NA,GBIF,"lat long guess, used og source for host",GBIF.org (17 June 2020) GBIF Occurrence Download https://doi.org/10.15468/dl.5btacz
NA,NA,NA,1,NA,NA,NA,Peltogastridae,Peltogaster,paguri,NA,NA,NA,NA,NA,"Pribilof Islands, East of Islands",8,1895,NA,56.75,-167.417,Alaska,USA,North_America,NA,NA,GBIF,lat long guess,GBIF.org (17 June 2020) GBIF Occurrence Download https://doi.org/10.15468/dl.5btacz
NA,NA,NA,2,NA,NA,NA,Peltogastridae,Peltogaster,paguri,Anomura,Paguroidea,Paguridae,Pagurus,trigonocheirus,"Pribilof Islands, North of Islands",8,1893,NA,58.45,-169.017,Alaska,USA,North_America,NA,NA,GBIF,lat long guess used orig source for host,GBIF.org (17 June 2020) GBIF Occurrence Download https://doi.org/10.15468/dl.5btacz
NA,NA,NA,1,NA,NA,NA,Peltogastridae,Peltogaster,paguri,Anomura,Paguroidea,Paguridae,Pagurus,capillatus,Unimak Pass,6,1890,NA,54.8,-165.225,Alaska,USA,North_America,NA,NA,GBIF,lat long guess used orig source for host,GBIF.org (17 June 2020) GBIF Occurrence Download https://doi.org/10.15468/dl.5btacz
NA,NA,NA,1,NA,NA,NA,Peltogastridae,Peltogaster,paguri,Anomura,Paguroidea,Paguridae,Anapagurus,chiroacanthus,Bohuslän N. Gåsörännan,6,1890,NA,58.235742,11.419524,NA,Sweden,Europe,NA,NA,GBIF,lat long guess used orig source for host,GBIF.org (17 June 2020) GBIF Occurrence Download https://doi.org/10.15468/dl.5btacz
NA,NA,NA,1,NA,NA,NA,Peltogastridae,Peltogaster,paguri,NA,NA,NA,NA,NA,Barents sea,1,1889,NA,74.826351,37.068095,NA,Russia,Asia,NA,NA,GBIF,"lat long guess, only know sea",GBIF.org (17 June 2020) GBIF Occurrence Download https://doi.org/10.15468/dl.5btacz
NA,NA,NA,3,NA,NA,NA,Peltogastridae,Peltogaster,paguri,Anomura,Paguroidea,Paguridae,Pagurus,pubescens,Grand Banks,6,1885,NA,46.1583,-49.8083,Newfoundland and Labrador,Canada,North_America,NA,NA,GBIF,used orig source for host,GBIF.org (17 June 2020) GBIF Occurrence Download https://doi.org/10.15468/dl.5btacz
NA,NA,NA,2,NA,NA,NA,Peltogastridae,Peltogaster,paguri,Anomura,Paguroidea,Paguridae,Pagurus,pubescens,"Grand Banks, South of",6,1885,NA,43.6333,-49.825,Newfoundland and Labrador,Canada,North_America,NA,NA,GBIF,,GBIF.org (17 June 2020) GBIF Occurrence Download https://doi.org/10.15468/dl.5btacz
NA,NA,NA,1,NA,NA,NA,Peltogastridae,Peltogaster,paguri,NA,NA,NA,NA,NA,Starcross,NA,1883,NA,50.627155,-3.447025,England,UK,Europe,NA,NA,GBIF,marked as 0 in og but likely because museum does not have specimen,GBIF.org (17 June 2020) GBIF Occurrence Download https://doi.org/10.15468/dl.5btacz
NA,NA,NA,1,NA,NA,NA,Peltogastridae,Peltogaster,paguri,Anomura,Paguroidea,Paguridae,Pagurus,arcuatus,"Cape Cod, off Nausett Lights",8,1882,NA,41.86396,-69.880939,Massachusetts,USA,North_America,NA,NA,GBIF,"used orig source for host , lat long guess",GBIF.org (17 June 2020) GBIF Occurrence Download https://doi.org/10.15468/dl.5btacz
NA,NA,NA,1,NA,NA,NA,Peltogastridae,Peltogaster,paguri,NA,NA,NA,NA,NA,"Cape Cod, off Nausett Lights",8,1882,NA,41.86396,-69.880939,Massachusetts,USA,North_America,NA,NA,GBIF,lat long guess,GBIF.org (17 June 2020) GBIF Occurrence Download https://doi.org/10.15468/dl.5btacz
NA,NA,NA,3,NA,NA,NA,Peltogastridae,Peltogaster,paguri,Anomura,Paguroidea,Paguridae,Pagurus,trigonocheirus,Cape Smyth,7,1882,NA,71.293701,-156.789627,Alaska,USA,North_America,NA,NA,GBIF,"have polar report in mendeley, found them by the station so lat long approximate",GBIF.org (17 June 2020) GBIF Occurrence Download https://doi.org/10.15468/dl.5btacz
NA,NA,NA,1,NA,NA,NA,Peltogastridae,Peltogaster,paguri,Anomura,Paguroidea,Paguridae,Pagurus,cuanensis,Bohuslan Gullmaren,,1882,NA,58.343134,11.566722,Bohuslan,Sweden,Europe,NA,NA,GBIF,lat long guess,GBIF.org (17 June 2020) GBIF Occurrence Download https://doi.org/10.15468/dl.5btacz
NA,NA,NA,1,NA,NA,NA,Peltogastridae,Peltogaster,paguri,Anomura,Paguroidea,Paguridae,Pagurus,pubescens,Bohuslän Wäderöarna,,1882,NA,58.571838,11.075711,Bohuslan,Sweden,Europe,NA,NA,GBIF,"lat long guess, used orig source to read name",GBIF.org (17 June 2020) GBIF Occurrence Download https://doi.org/10.15468/dl.5btacz
NA,NA,NA,1,NA,NA,NA,Peltogastridae,Peltogaster,paguri,Anomura,Paguroidea,Paguridae,Pagurus,pubescens,"Crab Ledge, off Chatham Lights",8,1881,NA,41.665919,-69.905198,Massachusetts,USA,North_America,NA,NA,GBIF,lat long guess,GBIF.org (17 June 2020) GBIF Occurrence Download https://doi.org/10.15468/dl.5btacz
NA,NA,NA,1,NA,NA,NA,Peltogastridae,Peltogaster,paguri,NA,NA,NA,NA,NA,Martha's Vineyard,9,1881,NA,40.9,-70.8083,Massachusetts,USA,North_America,NA,NA,GBIF,,GBIF.org (17 June 2020) GBIF Occurrence Download https://doi.org/10.15468/dl.5btacz
NA,NA,NA,3,NA,NA,NA,Peltogastridae,Peltogaster,paguri,NA,NA,NA,NA,NA,Martha's Vineyard,9,1881,NA,40.92,-70.8,Massachusetts,USA,North_America,NA,NA,GBIF,,GBIF.org (17 June 2020) GBIF Occurrence Download https://doi.org/10.15468/dl.5btacz
NA,NA,NA,2,NA,NA,NA,Peltogastridae,Peltogaster,paguri,Anomura,Paguroidea,Paguridae,Pagurus,pubescens,"Cape Cod Bay, mouth of",8,1879,NA,42.0458,-70.48,Massachusetts,USA,North_America,NA,NA,GBIF,used og source for host,GBIF.org (17 June 2020) GBIF Occurrence Download https://doi.org/10.15468/dl.5btacz
NA,NA,NA,1,NA,NA,NA,Peltogastridae,Peltogaster,paguri,NA,NA,NA,NA,NA,"Gloucester Harbor, off Cape Ann",9,1878,NA,42.63,-70.475,Massachusetts,USA,North_America,NA,NA,GBIF,,GBIF.org (17 June 2020) GBIF Occurrence Download https://doi.org/10.15468/dl.5btacz
NA,NA,NA,3,NA,NA,NA,Peltogastridae,Peltogaster,paguri,NA,NA,NA,NA,NA,"Massachusetts Bay, off Thatcher's Island Light and Eastern Point",7,1878,NA,42.4,-70.5583,Massachusetts,USA,North_America,NA,NA,GBIF,,GBIF.org (17 June 2020) GBIF Occurrence Download https://doi.org/10.15468/dl.5btacz
NA,NA,NA,1,NA,NA,NA,Peltogastridae,Peltogaster,paguri,Anomura,Paguroidea,Paguridae,Pagurus,pubescens,"Gloucester Harbor, off Thatcher's Island and Eastern Point",8,1878,NA,42.58,-70.5,Massachusetts,USA,North_America,NA,NA,GBIF,,GBIF.org (17 June 2020) GBIF Occurrence Download https://doi.org/10.15468/dl.5btacz
NA,NA,NA,1,NA,NA,NA,Peltogastridae,Peltogaster,paguri,NA,NA,NA,NA,NA,"Massachusetts Bay, Off Halfway Rock And Eastern Point Light",8,1877,NA,42.4583,-70.6,Massachusetts,USA,North_America,NA,NA,GBIF,,GBIF.org (17 June 2020) GBIF Occurrence Download https://doi.org/10.15468/dl.5btacz
NA,NA,NA,1,NA,NA,NA,Peltogastridae,Peltogaster,paguri,Anomura,Paguroidea,Paguridae,Pagurus,capillatus,"Aleutian Islands, Fox Islands, Unalaska Island, Captains Harbor, Outside Of A Ridge",,1874,NA,53.847778,-166.578407,Alaska,USA,North_America,NA,NA,GBIF,"used og source for host, lat long guess, found captains bay but not harbour",GBIF.org (17 June 2020) GBIF Occurrence Download https://doi.org/10.15468/dl.5btacz
NA,NA,NA,1,NA,NA,NA,Peltogastridae,Peltogaster,paguri,Anomura,Paguroidea,Paguridae,Pagurus,kennerlyi,"Alaska Peninsula, Chirikof Island",,1874,NA,55.83895,-155.565061,Alaska,USA,North_America,NA,NA,GBIF,"used og source for host, lat long guess, found captains bay but not harbour",GBIF.org (17 June 2020) GBIF Occurrence Download https://doi.org/10.15468/dl.5btacz
NA,NA,NA,1,NA,NA,NA,Peltogastridae,Peltogaster,paguri,Anomura,Paguroidea,Paguridae,Pagurus,beringanus,"Port Etches, Prince William Sound",,1874,NA,60.333782,-146.581943,Alaska,USA,North_America,NA,NA,GBIF,"used og source for host, lat long guess, found captains bay but not harbour",GBIF.org (17 June 2020) GBIF Occurrence Download https://doi.org/10.15468/dl.5btacz
NA,NA,NA,1,NA,NA,NA,Peltogastridae,Peltogaster,paguri,Anomura,Paguroidea,Paguridae,Pagurus,pubescens,Casco Bay,8,1873,NA,43.63,-70.05,Alaska,USA,North_America,NA,NA,GBIF,,GBIF.org (17 June 2020) GBIF Occurrence Download https://doi.org/10.15468/dl.5btacz
NA,NA,NA,1,NA,NA,NA,Peltogastridae,Peltogaster,paguri,NA,NA,NA,NA,NA,Firth of Forth,NA,1862,NA,56.028713,-3.257395,Scotland,UK,Europe,NA,NA,GBIF,"lat long guess, could be repeat, gbif says 0, likely because museum doesn't have it",GBIF.org (17 June 2020) GBIF Occurrence Download https://doi.org/10.15468/dl.5btacz
NA,NA,NA,2,NA,NA,NA,Peltogastridae,Peltogaster,paguri,NA,NA,NA,NA,NA,Naples ,NA,NA,NA,40.831948,14.234372,NA,Italy,Europe,NA,NA,GBIF,"lat long guess, could be repeat, ",GBIF.org (17 June 2020) GBIF Occurrence Download https://doi.org/10.15468/dl.5btacz
NA,NA,NA,1,NA,NA,NA,Peltogastridae,Peltogaster,paguri,NA,NA,NA,NA,NA,st. 150,NA,NA,NA,58.216667,11.416667,NA,Sweden,Europe,NA,NA,GBIF,doesnt say how many,GBIF.org (17 June 2020) GBIF Occurrence Download https://doi.org/10.15468/dl.5btacz
NA,NA,NA,1,NA,NA,NA,Peltogastridae,Peltogaster,paguri,NA,NA,NA,NA,NA,Southern North Sea,NA,NA,NA,54.283874,4.022422,NA,NA,,NA,NA,GBIF,"lat long guess, doesnt say how many",GBIF.org (17 June 2020) GBIF Occurrence Download https://doi.org/10.15468/dl.5btacz
NA,NA,NA,1,NA,NA,NA,Peltogastridae,Peltogaster,paguri,NA,NA,NA,NA,NA,Southern North Sea,NA,NA,NA,54.283874,4.022422,NA,NA,,NA,NA,GBIF,"lat long guess, doesnt say how many",GBIF.org (17 June 2020) GBIF Occurrence Download https://doi.org/10.15468/dl.5btacz
NA,NA,NA,1,NA,NA,NA,Peltogastridae,Peltogaster,paguri,NA,NA,NA,NA,NA,Southern North Sea,NA,NA,NA,54.283874,4.022422,NA,NA,,NA,NA,GBIF,"lat long guess, doesnt say how many",GBIF.org (17 June 2020) GBIF Occurrence Download https://doi.org/10.15468/dl.5btacz
NA,NA,NA,3,NA,NA,NA,Peltogastridae,Peltogaster,paguri,NA,NA,NA,NA,NA,Eysturoy,NA,NA,NA,62.05,-6.25,NA,Faroe Islands,Europe,NA,NA,GBIF,,GBIF.org (17 June 2020) GBIF Occurrence Download https://doi.org/10.15468/dl.5btacz
NA,NA,NA,1,NA,NA,NA,Peltogastridae,Peltogaster,paguri,NA,NA,NA,NA,NA,st. 133,NA,NA,NA,58.25,11.45,NA,Sweden,Europe,NA,NA,GBIF,doesn't say how many,GBIF.org (17 June 2020) GBIF Occurrence Download https://doi.org/10.15468/dl.5btacz
NA,NA,NA,1,NA,NA,NA,Peltogastridae,Peltogaster,paguri,NA,NA,NA,NA,NA,North sea,NA,NA,NA,56.336765,3.58607,NA,NA,,NA,NA,GBIF,"lat long guess, just have sea",GBIF.org (17 June 2020) GBIF Occurrence Download https://doi.org/10.15468/dl.5btacz
NA,NA,NA,1,NA,NA,NA,Peltogastridae,Peltogaster,paguri,NA,NA,NA,NA,NA,North sea,NA,NA,NA,56.336765,3.58607,NA,NA,,NA,NA,GBIF,"lat long guess, just have sea",GBIF.org (17 June 2020) GBIF Occurrence Download https://doi.org/10.15468/dl.5btacz
NA,NA,NA,1,NA,NA,NA,Peltogastridae,Peltogaster,paguri,NA,NA,NA,NA,NA,st. 149,NA,NA,NA,58.233333,11.416667,NA,NA,,NA,NA,GBIF,doesnt say how many,GBIF.org (17 June 2020) GBIF Occurrence Download https://doi.org/10.15468/dl.5btacz
NA,NA,NA,1,NA,NA,NA,Peltogastridae,Peltogaster,paguri,NA,NA,NA,NA,NA,North sea,NA,NA,NA,56.336765,3.58607,NA,NA,,NA,NA,GBIF,"lat long guess, just have sea",GBIF.org (17 June 2020) GBIF Occurrence Download https://doi.org/10.15468/dl.5btacz
NA,NA,NA,1,NA,NA,NA,Peltogastridae,Peltogaster,paguri,NA,NA,NA,NA,NA,North sea,NA,NA,NA,56.336765,3.58607,NA,NA,,NA,NA,GBIF,"lat long guess, just have sea",GBIF.org (17 June 2020) GBIF Occurrence Download https://doi.org/10.15468/dl.5btacz
NA,NA,NA,1,NA,NA,NA,Peltogastridae,Peltogaster,paguri,NA,NA,NA,NA,NA,North sea,NA,NA,NA,56.336765,3.58607,NA,NA,,NA,NA,GBIF,"lat long guess, just have sea",GBIF.org (17 June 2020) GBIF Occurrence Download https://doi.org/10.15468/dl.5btacz
NA,NA,NA,1,NA,NA,NA,Peltogastridae,Peltogaster,paguri,NA,NA,NA,NA,NA,North sea,NA,NA,NA,56.336765,3.58607,NA,NA,,NA,NA,GBIF,"lat long guess, just have sea",GBIF.org (17 June 2020) GBIF Occurrence Download https://doi.org/10.15468/dl.5btacz
NA,NA,NA,1,NA,NA,NA,Peltogastridae,Peltogaster,paguri,NA,NA,NA,NA,NA,North sea,NA,NA,NA,56.336765,3.58607,NA,NA,,NA,NA,GBIF,"lat long guess, just have sea",GBIF.org (17 June 2020) GBIF Occurrence Download https://doi.org/10.15468/dl.5btacz
NA,NA,NA,1,NA,NA,NA,Peltogastridae,Peltogaster,paguri,NA,NA,NA,NA,NA,st.169,NA,NA,NA,58.266667,11.416667,NA,NA,,NA,NA,GBIF,dont know how many,GBIF.org (17 June 2020) GBIF Occurrence Download https://doi.org/10.15468/dl.5btacz
NA,NA,NA,1,NA,NA,NA,Peltogastridae,Peltogaster,paguri,NA,NA,NA,NA,NA,North sea,NA,NA,NA,56.336765,3.58607,NA,NA,,NA,NA,GBIF,"lat long guess, just have sea",GBIF.org (17 June 2020) GBIF Occurrence Download https://doi.org/10.15468/dl.5btacz
NA,NA,NA,1,NA,NA,NA,Peltogastridae,Peltogaster,paguri,NA,NA,NA,NA,NA,North sea,NA,NA,NA,56.336765,3.58607,NA,NA,,NA,NA,GBIF,"lat long guess, just have sea",GBIF.org (17 June 2020) GBIF Occurrence Download https://doi.org/10.15468/dl.5btacz
NA,NA,NA,1,NA,NA,NA,Peltogastridae,Peltogaster,paguri,NA,NA,NA,NA,NA,North sea,NA,NA,NA,56.336765,3.58607,NA,NA,,NA,NA,GBIF,"lat long guess, just have sea",GBIF.org (17 June 2020) GBIF Occurrence Download https://doi.org/10.15468/dl.5btacz
NA,NA,NA,1,NA,NA,NA,Peltogastridae,Peltogaster,paguri,Anomura,Paguroidea,Paguridae,Pagurus,bernhardus,Kristineberg,NA,NA,NA,59.337305,17.997838,NA,NA,,NA,NA,GBIF,"doesnt say how many, lat long guess",GBIF.org (17 June 2020) GBIF Occurrence Download https://doi.org/10.15468/dl.5btacz
NA,NA,NA,1,NA,NA,NA,Peltogastridae,Peltogaster,paguri,NA,NA,NA,NA,NA,Wadden sea,NA,NA,NA,53.568373,6.942594,NA,Germany,Europe,NA,NA,GBIF,"lat long guess, just have sea, doesnt say how many",GBIF.org (17 June 2020) GBIF Occurrence Download https://doi.org/10.15468/dl.5btacz
NA,NA,NA,1,NA,NA,NA,Peltogastridae,Peltogaster,paguri,NA,NA,NA,NA,NA,Belgium,NA,NA,NA,51.206967,2.845761,NA,Belgium,Europe,NA,NA,GBIF,lat long guess just have country,GBIF.org (17 June 2020) GBIF Occurrence Download https://doi.org/10.15468/dl.5btacz
NA,NA,NA,2,NA,NA,NA,Peltogastridae,Peltogaster,paguri,Anomura,Paguroidea,Paguridae,Pagurus,hirsuitiusculus,"Aleutian Islands, In Little Pools Left By The Receding Tide",NA,NA,NA,52.662454,-168.267115,Alaska,USA,North_America,NA,NA,GBIF,"host from og source, lat long guess only have island chain ",GBIF.org (17 June 2020) GBIF Occurrence Download https://doi.org/10.15468/dl.5btacz
NA,NA,NA,1,NA,NA,NA,Peltogastridae,Peltogaster,paguri,NA,NA,NA,NA,NA,"Port Seton, Firth of Forth",NA,NA,NA,55.972904,-2.945014,Scotland,UK,Europe,NA,NA,GBIF,lat long guess og says =0,GBIF.org (17 June 2020) GBIF Occurrence Download https://doi.org/10.15468/dl.5btacz
NA,NA,NA,1,NA,NA,NA,Peltogastridae,Peltogaster,paguri,NA,NA,NA,NA,NA,"St. Jacut de la mer, Bretagne",NA,NA,NA,48.606457,-2.187536,NA,France,Europe,NA,NA,GBIF,lat long guess og says =0,GBIF.org (17 June 2020) GBIF Occurrence Download https://doi.org/10.15468/dl.5btacz
NA,NA,NA,1,NA,NA,NA,Peltogastridae,Peltogaster,paguri,NA,NA,NA,NA,NA,"Port Seton, Firth of Forth",NA,NA,NA,55.972904,-2.945014,Scotland,UK,Europe,NA,NA,GBIF,lat long guess og says =0,GBIF.org (17 June 2020) GBIF Occurrence Download https://doi.org/10.15468/dl.5btacz
NA,NA,NA,1,NA,NA,NA,Peltogastridae,Peltogaster,paguri,NA,NA,NA,NA,NA,Naples ,NA,NA,NA,40.76453,14.273097,NA,Italy,Europe,NA,NA,GBIF,"could be repeat, dont know many",GBIF.org (17 June 2020) GBIF Occurrence Download https://doi.org/10.15468/dl.5btacz
NA,NA,NA,1,NA,NA,NA,Peltogastridae,Peltogaster,paguri,NA,NA,NA,NA,NA,Laeso,NA,NA,NA,57.251923,11.248752,NA,Denmark,Europe,NA,NA,GBIF,"could be repeat, dont know many",GBIF.org (17 June 2020) GBIF Occurrence Download https://doi.org/10.15468/dl.5btacz
NA,NA,NA,1,NA,NA,NA,Peltogastridae,Peltogaster,paguri,NA,NA,NA,NA,NA,Helgoland,NA,NA,NA,54.183333,7.883333,NA,Germany,Europe,NA,NA,GBIF,"could be repeat, dont know many",GBIF.org (17 June 2020) GBIF Occurrence Download https://doi.org/10.15468/dl.5btacz
NA,NA,NA,1,NA,NA,NA,Peltogastridae,Peltogaster,paguri,NA,NA,NA,NA,NA,Norway,NA,NA,NA,59.794276,5.09965,NA,Norway,Europe,NA,NA,GBIF,"dont know how many, lat long guess only know country",GBIF.org (17 June 2020) GBIF Occurrence Download https://doi.org/10.15468/dl.5btacz
NA,NA,NA,1,NA,NA,NA,Peltogastridae,Peltogaster,paguri,NA,NA,NA,NA,NA,Norway,NA,NA,NA,59.794276,5.09965,NA,Norway,Europe,NA,NA,GBIF,"dont know how many, lat long guess only know country",GBIF.org (17 June 2020) GBIF Occurrence Download https://doi.org/10.15468/dl.5btacz
NA,NA,NA,1,NA,NA,NA,Peltogastridae,Peltogaster,paguri,NA,NA,NA,NA,NA,Mediterranean,NA,NA,NA,35.443605,18.214512,NA,NA,,NA,NA,GBIF,"lat long guess,only know sea dont know how many",GBIF.org (17 June 2020) GBIF Occurrence Download https://doi.org/10.15468/dl.5btacz
NA,NA,NA,1,NA,NA,NA,Peltogastridae,Peltogaster,paguri,NA,NA,NA,NA,NA,Wimereux,NA,NA,NA,50.77295,1.615055,NA,France,Europe,NA,NA,OBIS,dont know how many ,"Muller, Y. (2004). Faune et flore du littoral du Nord, du Pas-de-Calais et de la Belgique: inventaire. [Coastal fauna and flora of the Nord, Pas-de-Calais and B [...]OBIS (2020) Ocean Biodiversity Information System. Intergovernmental Oceanographic Commission of UNESCO. www.iobis.org. Accessed: 2020-06-16
"
NA,NA,NA,1,NA,NA,NA,Peltogastridae,Peltogaster,paguri,NA,NA,NA,NA,NA,Cobscook Bay,NA,NA,NA,44.9095235,-67.0555366,Maine,USA,North_America,NA,NA,OBIS,dont know how many ,"Trott, TJ. (2004). Cobscook Bay inventory: a historical checklist of marine invertebrates spanning 162 years. Northeastern Naturalist. 11, 261-324.OBIS (2020) Ocean Biodiversity Information System. Intergovernmental Oceanographic Commission of UNESCO. www.iobis.org. Accessed: 2020-06-16
"
NA,NA,NA,1,NA,NA,NA,Peltogastridae,Peltogaster,paguri,NA,NA,NA,NA,NA,North sea,8,2012,NA,51.42218,1.64683,England,UK,Europe,NA,NA,OBIS,dont know how many ,"Cooper et al. (2017). RSMP Baseline Dataset. Cefas, UK. V1. https://doi.org/10.14466/CefasDataHub.34OBIS (2020) Ocean Biodiversity Information System. Intergovernmental Oceanographic Commission of UNESCO. www.iobis.org. Accessed: 2020-06-16
"
NA,NA,NA,1,NA,NA,NA,Peltogastridae,Peltogaster,paguri,NA,NA,NA,NA,NA,Flemish Banks,NA,NA,NA,51.28777778,2.641111111,NA,Belgium,Europe,NA,NA,OBIS,dont know how many ,"Boschma, H. (1947). The European Rhizocephala in the collection of the Brussels Museum of Natural History. <i>Bull. Mus. royal d'Hist. Nat. Belg./Med. Kon. Natu [...]OBIS (2020) Ocean Biodiversity Information System. Intergovernmental Oceanographic Commission of UNESCO. www.iobis.org. Accessed: 2020-06-16
"
NA,NA,NA,1,NA,NA,NA,Peltogastridae,Peltogaster,paguri,NA,NA,NA,NA,NA,NE Atlantic,NA,NA,NA,46,-20,NA,NA,,NA,NA,OBIS,dont know how many ,"Hayward, P.J.; Ryland, J.S. (Ed.) (1990). The marine fauna of the British Isles and North-West Europe: 1. Introduction and protozoans to arthropods. Clarendon P [...]OBIS (2020) Ocean Biodiversity Information System. Intergovernmental Oceanographic Commission of UNESCO. www.iobis.org. Accessed: 2020-06-16
"
0,NA,6675,0,NA,NA,NA,Peltogastridae,Peltogaster,paguri,Anomura,Paguroidea,Paguridae,Pagurus,proximus,Vostok Bay,NA,2014,2014-2015,42.877341,132.743056,NA,Russia,Asia,NA,NA,ecology,lat long guess,"Kornienko, E. S., Selin, N. I., & Korn, O. M. (2019). Population and reproductive characteristics of the hermit crab Pagurus proximus Komai, 2000 (Decapoda: Anomura: Paguridae) in the northern part of the species range. Journal of the Marine Biological Association of the United Kingdom, 99(1), 101–109. https://doi.org/10.1017/S0025315417001679"
0,NA,229,0,NA,NA,229,Peltogastridae,Peltogaster,paguri,Anomura,Paguroidea,Paguridae,Pagurus,bernhardus,SW coast,NA,2011,2011-2012,51.782529,-8.279628,NA,Ireland,Europe,,,ecology,"trematode infections recorded. has lat longs for the three sites, but doesnt say how many from each site. smh. used apx lat long. Also recorded in other dataset with 0 for rhizo","Lynch, S. A., Darmody, G., Laide, C., Walsh, D., & Culloty, S. C. (2015). A preliminary health survey of the hermit crab, Pagurus bernhardus, on the southwest coast of Ireland. Journal of Invertebrate Pathology, 127, 73–75. https://doi.org/10.1016/j.jip.2015.03.006"
1.4,NA,NA,NA,NA,NA,NA,Peltogastridae,Peltogaster,paguri,Anomura,Paguroidea,Paguridae,Pagurus,bernhardus?,Quiberon,NA,1960,NA,47.478692,-3.120155,Quiberon,France,Europe,NA,NA,ecology,"cited within other paper so only have prevalence, used pub date, think based on the paper species is likely P. bernhardus but not certain","Bourdon (1960) in Adema, J. P. H. M., & Huwae, P. H. M. (1982). New and supplementary records of marine isopoda for the Netherlands and the southern North Sea since 1956, with a note on Peltogaster Paguri (Crustacea, Cirripedia). Zoologische Bijdragen, 28(3), 33–57."